delete from ApplicationComponent
delete from BusinessServiceApplication
delete from ApplicationUserGroup
delete from BusinessService
delete from [Application]
delete from BusinessUnit
delete from [Server]
delete from RoadmapStep
delete from ServerHardware
delete from ChangeTicket
delete from RoadmapProfiles
delete from OperatingCost
delete from Product
delete from ChangeCost
delete from Organization
delete from [Profile]
delete from EnvironmentTechnology
delete from Environment
delete from Technology
delete from Roadmap
delete from Person
delete from BusinessServiceType
delete from BusinessProfileStatus
delete from ChangeTicketStatus
delete from ChangeTicketSystem
delete from OperatingCostStatus
delete from OperatingCostCategory
delete from ChangeCostStatus
delete from ChangeCostCategory
delete from ChangeStatus
delete from ExecutionStatus
delete from ExecutionStage
delete from ServiceLevelRecovery
delete from ServiceLevelRestore
delete from ServiceLevelSupport
delete from SupportStatus
delete from ExecutionState
delete from [Version]
delete from TechnologyClassification
delete from SupportType
delete from ServiceLevelAvailability
delete from RoadmapStepClassification
delete from RetireApproach
delete from RecoveryLevel
delete from Ram
delete from PackageType
delete from OrganizationType
delete from OrganizationClassification
delete from OperatingSystem
delete from MissionLevel
delete from LifecycleState
delete from LifecycleStage
delete from LicenseType
delete from JobTitle
delete from FormFactor
delete from EmploymentType
delete from Edition
delete from DownThreshold
delete from Distribution
delete from [Disk]
delete from DevelopmentType
delete from DevelopmentStage
delete from Cpu
delete from BusinessUnitType
delete from ArchitectureType
delete from ApplicationType
delete from Location
delete from GeneralStatus
insert into GeneralStatus (GeneralStatus, DisplayOrder) values ('PQ6RSW30UP1GSFI', 9)
insert into GeneralStatus (GeneralStatus, DisplayOrder) values ('W O955NXJG70UUG', 2)
insert into GeneralStatus (GeneralStatus, DisplayOrder) values ('SSVAC8I6 RLLAVI', 5)
insert into GeneralStatus (GeneralStatus, DisplayOrder) values ('M9NF I8N25515EW', 8)
insert into GeneralStatus (GeneralStatus, DisplayOrder) values ('BEELB541KDAGRG ', 4)
insert into GeneralStatus (GeneralStatus, DisplayOrder) values ('RI0HU4QPSM4B940', 3)
insert into GeneralStatus (GeneralStatus, DisplayOrder) values ('08BX0B9V7FLVAOX', 6)
insert into GeneralStatus (GeneralStatus, DisplayOrder) values ('SYUWJO6AK3CVJIX', 7)
insert into GeneralStatus (GeneralStatus, DisplayOrder) values ('OXRBNSILV8F2MST', 1)

insert into ApplicationType (ApplicationType, DisplayOrder) values ('WjJqqxQfgRTw', 2)
insert into ApplicationType (ApplicationType, DisplayOrder) values ('WFifgGEAbbLO', 4)
insert into ApplicationType (ApplicationType, DisplayOrder) values ('QVMvCaxmohqH', 5)
insert into ApplicationType (ApplicationType, DisplayOrder) values ('RhLDnVMJOOyj', 6)
insert into ApplicationType (ApplicationType, DisplayOrder) values ('QwdjtMJFGNxJ', 8)
insert into ApplicationType (ApplicationType, DisplayOrder) values ('LZMgQHIUsEiR', 9)
insert into ApplicationType (ApplicationType, DisplayOrder) values ('CUPNUEoEhBdZ', 7)
insert into ApplicationType (ApplicationType, DisplayOrder) values ('LpekqwLoQuoH', 3)
insert into ApplicationType (ApplicationType, DisplayOrder) values ('GGfll rJWnPJ', 1)
insert into ArchitectureType (ArchitectureType, DisplayOrder) values ('MIi YWidjNvv', 2)
insert into ArchitectureType (ArchitectureType, DisplayOrder) values ('VsiUenmgkyyP', 9)
insert into ArchitectureType (ArchitectureType, DisplayOrder) values ('XxlXpjQoDfAW', 1)
insert into ArchitectureType (ArchitectureType, DisplayOrder) values ('ROSNdrrwOtVi', 3)
insert into ArchitectureType (ArchitectureType, DisplayOrder) values ('WCnL uDxQCNJ', 4)
insert into ArchitectureType (ArchitectureType, DisplayOrder) values ('ElDDQJLKQYEp', 7)
insert into ArchitectureType (ArchitectureType, DisplayOrder) values (' nvHCuDqwUeZ', 8)
insert into ArchitectureType (ArchitectureType, DisplayOrder) values ('ATGtampccGGH', 5)
insert into ArchitectureType (ArchitectureType, DisplayOrder) values ('ICLraUrcBEHd', 6)
insert into BusinessUnitType (BusinessUnitType, DisplayOrder) values ('OwEsMR g ZXC', 9)
insert into BusinessUnitType (BusinessUnitType, DisplayOrder) values ('RGXvgcGXXgfL', 3)
insert into BusinessUnitType (BusinessUnitType, DisplayOrder) values ('YljCDAmZCiQD', 6)
insert into BusinessUnitType (BusinessUnitType, DisplayOrder) values ('DmpiPnZChJhK', 4)
insert into BusinessUnitType (BusinessUnitType, DisplayOrder) values ('AfkZdtRylDWK', 8)
insert into BusinessUnitType (BusinessUnitType, DisplayOrder) values ('TQjuVqEOAXkL', 1)
insert into BusinessUnitType (BusinessUnitType, DisplayOrder) values ('LnIcenTXoueu', 7)
insert into BusinessUnitType (BusinessUnitType, DisplayOrder) values ('PCclLo BcioD', 2)
insert into BusinessUnitType (BusinessUnitType, DisplayOrder) values ('QqRufgaDJvan', 5)
insert into Cpu (CPU, DisplayOrder) values ('XrTaouNvTKIT', 7)
insert into Cpu (CPU, DisplayOrder) values ('UJGANaafXkRH', 4)
insert into Cpu (CPU, DisplayOrder) values ('SFgbVeTMAtXC', 3)
insert into Cpu (CPU, DisplayOrder) values ('MEYYvHVBcjSM', 6)
insert into Cpu (CPU, DisplayOrder) values ('ECAwQQYUVgqa', 5)
insert into Cpu (CPU, DisplayOrder) values ('PnvZqUMfBDxH', 1)
insert into Cpu (CPU, DisplayOrder) values ('GtvJwOLcaJfQ', 8)
insert into Cpu (CPU, DisplayOrder) values ('EDWKawpYFgvc', 9)
insert into Cpu (CPU, DisplayOrder) values ('LG pgjYyIJag', 2)
insert into DevelopmentStage (DevelopmentStage, DisplayOrder) values ('VnyFvUQIQYbR', 9)
insert into DevelopmentStage (DevelopmentStage, DisplayOrder) values ('PcBkqsrbJewl', 1)
insert into DevelopmentStage (DevelopmentStage, DisplayOrder) values ('UKTUcYOKWKvv', 7)
insert into DevelopmentStage (DevelopmentStage, DisplayOrder) values ('BEFquvsRrXkh', 8)
insert into DevelopmentStage (DevelopmentStage, DisplayOrder) values ('LLjebbJbkykd', 5)
insert into DevelopmentStage (DevelopmentStage, DisplayOrder) values ('FjDxFkEiKq', 4)
insert into DevelopmentStage (DevelopmentStage, DisplayOrder) values ('TDbuSYfYXrrk', 3)
insert into DevelopmentStage (DevelopmentStage, DisplayOrder) values (' YcmoYVnsYlL', 6)
insert into DevelopmentStage (DevelopmentStage, DisplayOrder) values ('QVonGMbbOBbQ', 2)
insert into DevelopmentType (DevelopmentType, DisplayOrder) values ('ApfenlYejkPD', 1)
insert into DevelopmentType (DevelopmentType, DisplayOrder) values ('CFBGUO sQAWI', 4)
insert into DevelopmentType (DevelopmentType, DisplayOrder) values ('WQmBOSWiyThO', 8)
insert into DevelopmentType (DevelopmentType, DisplayOrder) values ('YqoGfJNdlrBU', 9)
insert into DevelopmentType (DevelopmentType, DisplayOrder) values ('KUhvkrsUnLDV', 3)
insert into DevelopmentType (DevelopmentType, DisplayOrder) values ('KfFM aPIXgWO', 2)
insert into DevelopmentType (DevelopmentType, DisplayOrder) values (' efaIqaTXaNR', 5)
insert into DevelopmentType (DevelopmentType, DisplayOrder) values ('YHyLiOnZpXru', 6)
insert into DevelopmentType (DevelopmentType, DisplayOrder) values ('XOhRJYkUxowU', 7)
insert into [Disk] ([Disk], DisplayOrder) values ('KpN mYhbkHwp', 8)
insert into [Disk] ([Disk], DisplayOrder) values ('CSsrBqxCiGAI', 3)
insert into [Disk] ([Disk], DisplayOrder) values ('AuXL yPrxxsE', 9)
insert into [Disk] ([Disk], DisplayOrder) values ('QMtVvHJdXflE', 6)
insert into [Disk] ([Disk], DisplayOrder) values ('UJgZNgmcsnyn', 5)
insert into [Disk] ([Disk], DisplayOrder) values ('VDoeIhVPLrBO', 1)
insert into [Disk] ([Disk], DisplayOrder) values ('YVTYKXPokoWO', 4)
insert into [Disk] ([Disk], DisplayOrder) values ('GMfrqfUGnJsm', 7)
insert into [Disk] ([Disk], DisplayOrder) values ('EXdGMKaHyrAI', 2)
insert into Distribution (Distribution, DisplayOrder) values ('TUuoOmbvWxSB', 1)
insert into Distribution (Distribution, DisplayOrder) values ('FFFRVSGyUWSJ', 7)
insert into Distribution (Distribution, DisplayOrder) values ('SDprKbWLOWWA', 6)
insert into Distribution (Distribution, DisplayOrder) values ('ICDKPytJfrfb', 5)
insert into Distribution (Distribution, DisplayOrder) values ('GgeiHOoJyQRn', 2)
insert into Distribution (Distribution, DisplayOrder) values ('FxAeoeIMUKXn', 4)
insert into Distribution (Distribution, DisplayOrder) values ('UOSDe ZX UkF', 8)
insert into Distribution (Distribution, DisplayOrder) values ('HsCddHhCjuVa', 9)
insert into Distribution (Distribution, DisplayOrder) values ('BArUXxitcAci', 3)
insert into DownThreshold (DownThreshold, DisplayOrder) values ('MuOqbhhsCBvk', 6)
insert into DownThreshold (DownThreshold, DisplayOrder) values ('TXvKESXDXOIF', 4)
insert into DownThreshold (DownThreshold, DisplayOrder) values ('UjIrweakvNov', 5)
insert into DownThreshold (DownThreshold, DisplayOrder) values ('QYqttYvVVpSY', 1)
insert into DownThreshold (DownThreshold, DisplayOrder) values ('SZsnuscBUFOJ', 8)
insert into DownThreshold (DownThreshold, DisplayOrder) values ('AuoMLfNBw Wy', 2)
insert into DownThreshold (DownThreshold, DisplayOrder) values ('NAKblnAsBAJO', 7)
insert into DownThreshold (DownThreshold, DisplayOrder) values ('UbSmTaEVdQxU', 9)
insert into DownThreshold (DownThreshold, DisplayOrder) values ('IwGNwOdJMtSk', 3)
insert into Edition (Edition, DisplayOrder) values ('PkqBDGN tErw', 5)
insert into Edition (Edition, DisplayOrder) values ('WWanrNHMTsqU', 7)
insert into Edition (Edition, DisplayOrder) values ('ZS  wjAEcmKH', 1)
insert into Edition (Edition, DisplayOrder) values ('ZBkNEIaYedxY', 9)
insert into Edition (Edition, DisplayOrder) values ('QEgdbUibxJqv', 4)
insert into Edition (Edition, DisplayOrder) values ('YCYfgsIIOjRe', 6)
insert into Edition (Edition, DisplayOrder) values ('CBXXRSkYLtkw', 3)
insert into Edition (Edition, DisplayOrder) values ('LSRvKuLVNnov', 8)
insert into Edition (Edition, DisplayOrder) values ('JtYArFUhDJRC', 2)
insert into EmploymentType (EmploymentType, DisplayOrder) values ('LCuAMntAePut', 2)
insert into EmploymentType (EmploymentType, DisplayOrder) values ('OqOBi KmniuX', 8)
insert into EmploymentType (EmploymentType, DisplayOrder) values ('EbsbsUyeGgh ', 3)
insert into EmploymentType (EmploymentType, DisplayOrder) values ('IJQSpxGmblmd', 9)
insert into EmploymentType (EmploymentType, DisplayOrder) values ('BVrlRNuqfDVX', 7)
insert into EmploymentType (EmploymentType, DisplayOrder) values ('QYByHfGsNg N', 4)
insert into EmploymentType (EmploymentType, DisplayOrder) values ('HhQhDlLFQRFW', 6)
insert into EmploymentType (EmploymentType, DisplayOrder) values ('FwFWTwGWH Jl', 1)
insert into EmploymentType (EmploymentType, DisplayOrder) values ('DnSlsvigmqPN', 5)
insert into FormFactor (FormFactor, DisplayOrder) values ('HgXHTJpnMlpd', 4)
insert into FormFactor (FormFactor, DisplayOrder) values ('AkZJVWoeAlcA', 1)
insert into FormFactor (FormFactor, DisplayOrder) values ('JPdZvbWACGdi', 5)
insert into FormFactor (FormFactor, DisplayOrder) values ('EaQaDYCTNlen', 9)
insert into FormFactor (FormFactor, DisplayOrder) values ('PKcreWDRIGnJ', 3)
insert into FormFactor (FormFactor, DisplayOrder) values ('XvoxBrOorMPF', 6)
insert into FormFactor (FormFactor, DisplayOrder) values ('WgkYQRsBRaZC', 2)
insert into FormFactor (FormFactor, DisplayOrder) values ('KFAkhZYtOdsy', 7)
insert into FormFactor (FormFactor, DisplayOrder) values ('Jj djRAtyyYr', 8)
insert into JobTitle (JobTitle, DisplayOrder) values ('FERJC7872A8LEPT', 4)
insert into JobTitle (JobTitle, DisplayOrder) values ('HQV8VDFS TOAFGJ', 2)
insert into JobTitle (JobTitle, DisplayOrder) values ('KFVTVCI7FCPMCET', 8)
insert into JobTitle (JobTitle, DisplayOrder) values ('J5LN5OMRE2QU2H5', 9)
insert into JobTitle (JobTitle, DisplayOrder) values ('SM2NQC4 F1Q8LIY', 3)
insert into JobTitle (JobTitle, DisplayOrder) values ('BB1RD8HRDMN7PY4', 5)
insert into JobTitle (JobTitle, DisplayOrder) values ('1XDJ8WDCVL ANRH', 1)
insert into JobTitle (JobTitle, DisplayOrder) values ('WGEVJQQ O3E9N75', 6)
insert into JobTitle (JobTitle, DisplayOrder) values ('KT4M1280C81OV7N', 7)
insert into LicenseType (LicenseType, DisplayOrder) values ('DqmqmsHRIEtv', 6)
insert into LicenseType (LicenseType, DisplayOrder) values ('YR LMuaKTJrD', 3)
insert into LicenseType (LicenseType, DisplayOrder) values ('ByqKqYJxnHjL', 5)
insert into LicenseType (LicenseType, DisplayOrder) values ('XgpiivEkCrGk', 7)
insert into LicenseType (LicenseType, DisplayOrder) values ('CDPsTrJNGVmJ', 8)
insert into LicenseType (LicenseType, DisplayOrder) values ('RhOaTfPOHaGx', 9)
insert into LicenseType (LicenseType, DisplayOrder) values ('AIWoFxlnEenQ', 4)
insert into LicenseType (LicenseType, DisplayOrder) values ('EwtatfVlgKKn', 2)
insert into LicenseType (LicenseType, DisplayOrder) values ('EawLyiwybhnt', 1)
insert into LifecycleStage (LifecycleStage, DisplayOrder) values ('LaFMMxGgqVht', 2)
insert into LifecycleStage (LifecycleStage, DisplayOrder) values ('FIblPlZotJJm', 9)
insert into LifecycleStage (LifecycleStage, DisplayOrder) values ('FRvFtnfmHLeI', 4)
insert into LifecycleStage (LifecycleStage, DisplayOrder) values ('YdIXAbLETfuf', 8)
insert into LifecycleStage (LifecycleStage, DisplayOrder) values ('MQfypKaDfq', 3)
insert into LifecycleStage (LifecycleStage, DisplayOrder) values ('GgaaSKRwNQWf', 1)
insert into LifecycleStage (LifecycleStage, DisplayOrder) values ('BhbBdpK exty', 6)
insert into LifecycleStage (LifecycleStage, DisplayOrder) values ('BMeoAkeIoWup', 5)
insert into LifecycleStage (LifecycleStage, DisplayOrder) values ('BhHWJkhOhiAj', 7)
insert into LifecycleState (LifecycleState, DisplayOrder) values ('HcsXJoqRTRGd', 6)
insert into LifecycleState (LifecycleState, DisplayOrder) values ('KclLlFRPoecO', 7)
insert into LifecycleState (LifecycleState, DisplayOrder) values ('JAACDRFqmGEm', 3)
insert into LifecycleState (LifecycleState, DisplayOrder) values ('RpZBrtYtliyM', 2)
insert into LifecycleState (LifecycleState, DisplayOrder) values ('RiTo UdEacFB', 9)
insert into LifecycleState (LifecycleState, DisplayOrder) values ('UaMCWChrmBj ', 5)
insert into LifecycleState (LifecycleState, DisplayOrder) values ('HJnlDtrmPYkP', 4)
insert into LifecycleState (LifecycleState, DisplayOrder) values ('VisAGKiCLStN', 1)
insert into LifecycleState (LifecycleState, DisplayOrder) values ('KjnQUKPmspfZ', 8)
insert into MissionLevel (MissionLevel, DisplayOrder) values ('TBGmjdtMIXpS', 4)
insert into MissionLevel (MissionLevel, DisplayOrder) values ('ZVrOWxagEPZP', 1)
insert into MissionLevel (MissionLevel, DisplayOrder) values ('MI nwehKMs o', 2)
insert into MissionLevel (MissionLevel, DisplayOrder) values ('HKFHDvllaPXv', 6)
insert into MissionLevel (MissionLevel, DisplayOrder) values ('WtGWxkCKeyUA', 9)
insert into MissionLevel (MissionLevel, DisplayOrder) values ('LoFNlEmvNFsP', 7)
insert into MissionLevel (MissionLevel, DisplayOrder) values ('H  eblxbYchp', 8)
insert into MissionLevel (MissionLevel, DisplayOrder) values ('IrunBNmgDZbh', 3)
insert into MissionLevel (MissionLevel, DisplayOrder) values ('PcH KXxdhllq', 5)
insert into OperatingSystem (OperatingSystem, DisplayOrder) values ('EekVlLdAYnLJ', 9)
insert into OperatingSystem (OperatingSystem, DisplayOrder) values ('XTXCjEelbVSv', 5)
insert into OperatingSystem (OperatingSystem, DisplayOrder) values ('QefkIYYaSQQr', 4)
insert into OperatingSystem (OperatingSystem, DisplayOrder) values ('UeQPFwtAZXcD', 6)
insert into OperatingSystem (OperatingSystem, DisplayOrder) values ('NdJWkRScfnID', 1)
insert into OperatingSystem (OperatingSystem, DisplayOrder) values ('RxZVQXbASlxN', 7)
insert into OperatingSystem (OperatingSystem, DisplayOrder) values ('UKPDhtLmnaua', 2)
insert into OperatingSystem (OperatingSystem, DisplayOrder) values ('UuNvVHquDBxZ', 3)
insert into OperatingSystem (OperatingSystem, DisplayOrder) values ('PrDyfnQZKrFs', 8)
insert into OrganizationClassification (OrganizationClassification, DisplayOrder) values ('UX4FSVLDRI0RDTWJ0 RU9Y5L4K33T9', 7)
insert into OrganizationClassification (OrganizationClassification, DisplayOrder) values ('RUDI52OU82YACGP8EFM LR0EH01QHJ', 9)
insert into OrganizationClassification (OrganizationClassification, DisplayOrder) values ('39ESSJKB4X9FXO18AGUN406 EAC5LM', 4)
insert into OrganizationClassification (OrganizationClassification, DisplayOrder) values ('6UEE39G8XW9YI2Y458VJ8E WAEY855', 1)
insert into OrganizationClassification (OrganizationClassification, DisplayOrder) values ('NP WB2UIX AX1BWLK662X8JU N7B1I', 8)
insert into OrganizationClassification (OrganizationClassification, DisplayOrder) values ('A0GL7Y9COM5E6W56CGMJ8QRYW36CSH', 3)
insert into OrganizationClassification (OrganizationClassification, DisplayOrder) values ('Q27NH4PRFYQOA5QP3AT084 MEQC3TB', 6)
insert into OrganizationClassification (OrganizationClassification, DisplayOrder) values ('F XIEWH8VCQA2JS4MP51AKTYIIRA0Q', 5)
insert into OrganizationClassification (OrganizationClassification, DisplayOrder) values ('K 1DB1CHI0MAXDT3FC MDJSB28IME0', 2)
insert into OrganizationType (OrganizationType, DisplayOrder) values ('FleTVCeHwcFe', 4)
insert into OrganizationType (OrganizationType, DisplayOrder) values ('FrmRQaAXGBQa', 2)
insert into OrganizationType (OrganizationType, DisplayOrder) values ('LiDiOUFIDurL', 6)
insert into OrganizationType (OrganizationType, DisplayOrder) values ('AJYeENLkTJTB', 1)
insert into OrganizationType (OrganizationType, DisplayOrder) values ('NnpOZrvyWphP', 7)
insert into OrganizationType (OrganizationType, DisplayOrder) values ('PbXgbNrflyaR', 9)
insert into OrganizationType (OrganizationType, DisplayOrder) values ('VPhNNnKYrYKM', 3)
insert into OrganizationType (OrganizationType, DisplayOrder) values ('OwNBf wNyqmi', 5)
insert into OrganizationType (OrganizationType, DisplayOrder) values ('KxdrOvTljwmU', 8)
insert into PackageType (PackageType, DisplayOrder) values ('WSauMOYiETly', 8)
insert into PackageType (PackageType, DisplayOrder) values ('XdCsuXTUlybO', 3)
insert into PackageType (PackageType, DisplayOrder) values ('RKNDY OKZmJD', 1)
insert into PackageType (PackageType, DisplayOrder) values ('GCZaPiHtjNCH', 4)
insert into PackageType (PackageType, DisplayOrder) values ('BerGHhaNALEG', 5)
insert into PackageType (PackageType, DisplayOrder) values ('KPDAONctFqxs', 6)
insert into PackageType (PackageType, DisplayOrder) values ('WmWmcecejDWr', 9)
insert into PackageType (PackageType, DisplayOrder) values ('LhBCwlluXHrL', 2)
insert into PackageType (PackageType, DisplayOrder) values ('AYIueXVOASWK', 7)
insert into Ram (Ram, DisplayOrder) values ('ZOurnCfNBAJD', 9)
insert into Ram (Ram, DisplayOrder) values ('RsQKNGYxdCby', 7)
insert into Ram (Ram, DisplayOrder) values ('MSaVNSZLNPdR', 3)
insert into Ram (Ram, DisplayOrder) values ('ZSJBPFZiSFGh', 6)
insert into Ram (Ram, DisplayOrder) values ('FKKcUHjIURAk', 8)
insert into Ram (Ram, DisplayOrder) values ('ZRLZhbVugEjR', 2)
insert into Ram (Ram, DisplayOrder) values ('DPeZCbxRGwXI', 5)
insert into Ram (Ram, DisplayOrder) values ('KwgSnwYoJFmv', 4)
insert into Ram (Ram, DisplayOrder) values ('KetOvHmdWeon', 1)
insert into RecoveryLevel (RecoveryLevel, DisplayOrder) values ('GahhkxvQOTJl', 4)
insert into RecoveryLevel (RecoveryLevel, DisplayOrder) values ('PPiJOySxNeaU', 2)
insert into RecoveryLevel (RecoveryLevel, DisplayOrder) values ('LUQhVRINLJYd', 7)
insert into RecoveryLevel (RecoveryLevel, DisplayOrder) values ('LfTySTTAQLAZ', 5)
insert into RecoveryLevel (RecoveryLevel, DisplayOrder) values ('XFvUVrM Qreh', 9)
insert into RecoveryLevel (RecoveryLevel, DisplayOrder) values ('ZXrBUPlBceeI', 1)
insert into RecoveryLevel (RecoveryLevel, DisplayOrder) values ('BxHlcEsUcGgw', 6)
insert into RecoveryLevel (RecoveryLevel, DisplayOrder) values ('REoommvlZb', 3)
insert into RecoveryLevel (RecoveryLevel, DisplayOrder) values ('JqkYEWHPsNOo', 8)
insert into RetireApproach (RetireApproach, DisplayOrder) values ('NauoDiMZEC r', 6)
insert into RetireApproach (RetireApproach, DisplayOrder) values ('CXuZIqN aYWS', 7)
insert into RetireApproach (RetireApproach, DisplayOrder) values ('JFwyUjGbeiFf', 2)
insert into RetireApproach (RetireApproach, DisplayOrder) values ('VPllrqPHjaKZ', 5)
insert into RetireApproach (RetireApproach, DisplayOrder) values ('RkehwLVbVkXd', 8)
insert into RetireApproach (RetireApproach, DisplayOrder) values ('TFCUCyOXGieL', 4)
insert into RetireApproach (RetireApproach, DisplayOrder) values ('GDRjsSYeRkbV', 9)
insert into RetireApproach (RetireApproach, DisplayOrder) values (' CPYNihkDWPT', 3)
insert into RetireApproach (RetireApproach, DisplayOrder) values ('VrUckbjhkPvQ', 1)
insert into RoadmapStepClassification (RoadmapStepClassification, DisplayOrder) values ('HM RVI158NICY1SRQUDUJSI0NX KAA', 1)
insert into RoadmapStepClassification (RoadmapStepClassification, DisplayOrder) values ('HMESTOU2KOJTDBIVNAGXDE0CEGA5Q ', 9)
insert into RoadmapStepClassification (RoadmapStepClassification, DisplayOrder) values ('9KWVQR57H0NA6BDY4AJBSWV8D903WD', 6)
insert into RoadmapStepClassification (RoadmapStepClassification, DisplayOrder) values ('KTA5AGD4JWCXTP796A4LS54P3YYUR2', 8)
insert into RoadmapStepClassification (RoadmapStepClassification, DisplayOrder) values ('IRCKWJDG8BVIJSDBNRWEBIIOXBHCMR', 7)
insert into RoadmapStepClassification (RoadmapStepClassification, DisplayOrder) values ('S19B907ONM9Q9WO C7MRUK35LJNJVF', 3)
insert into RoadmapStepClassification (RoadmapStepClassification, DisplayOrder) values ('P54F6XS0UWDEGN23WCM286LAD1P S5', 2)
insert into RoadmapStepClassification (RoadmapStepClassification, DisplayOrder) values ('986GFAGIOK1WNVV91BW2S9MR15K59V', 4)
insert into RoadmapStepClassification (RoadmapStepClassification, DisplayOrder) values ('WQY3GN898QWUGV9RIN3UVR9T09CWOR', 5)
insert into ServiceLevelAvailability (ServiceLevelAvailability, DisplayOrder) values ('ShKewGAAMsXg', 6)
insert into ServiceLevelAvailability (ServiceLevelAvailability, DisplayOrder) values ('SeglrpbPTBoW', 1)
insert into ServiceLevelAvailability (ServiceLevelAvailability, DisplayOrder) values ('GwCqUrtYiVdN', 9)
insert into ServiceLevelAvailability (ServiceLevelAvailability, DisplayOrder) values ('ZDQdJqdegKZW', 4)
insert into ServiceLevelAvailability (ServiceLevelAvailability, DisplayOrder) values ('XxAseAyaGkgf', 5)
insert into ServiceLevelAvailability (ServiceLevelAvailability, DisplayOrder) values ('Vakx KiNcFfc', 8)
insert into ServiceLevelAvailability (ServiceLevelAvailability, DisplayOrder) values ('XuXlGrsxavYF', 7)
insert into ServiceLevelAvailability (ServiceLevelAvailability, DisplayOrder) values ('QkstCXBcsKha', 3)
insert into ServiceLevelAvailability (ServiceLevelAvailability, DisplayOrder) values ('GTkHhtKFUqLD', 2)
insert into SupportType (SupportType, DisplayOrder) values ('RtRZQAsXqOmd', 8)
insert into SupportType (SupportType, DisplayOrder) values ('DQSuktTxLL', 9)
insert into SupportType (SupportType, DisplayOrder) values ('SjpcZyZCeWie', 7)
insert into SupportType (SupportType, DisplayOrder) values ('PSFLQq sfOAX', 5)
insert into SupportType (SupportType, DisplayOrder) values ('EvkmNCQGlgHa', 3)
insert into SupportType (SupportType, DisplayOrder) values ('LlhOcVWHRMXU', 4)
insert into SupportType (SupportType, DisplayOrder) values ('OrBuPPklslLY', 2)
insert into SupportType (SupportType, DisplayOrder) values ('DmXPityofgkX', 1)
insert into SupportType (SupportType, DisplayOrder) values ('EblRfyPGZMVU', 6)
insert into TechnologyClassification (TechnologyClassification, DisplayOrder) values ('KE3FPQDS5N8ODK0GITD0G7OVHF086A', 3)
insert into TechnologyClassification (TechnologyClassification, DisplayOrder) values ('OIYCY4WK3 8URP9MNLXYXTWOBOGSSF', 6)
insert into TechnologyClassification (TechnologyClassification, DisplayOrder) values ('SKBB92VK7UY0LV1WDV MT93ULBJ8M8', 7)
insert into TechnologyClassification (TechnologyClassification, DisplayOrder) values ('5H6JWEIRLRV3NB7YLW1LJ6H9DO7D2O', 4)
insert into TechnologyClassification (TechnologyClassification, DisplayOrder) values ('QVX1MKJO6CHS27WTI3ODIA0HIA2TD8', 1)
insert into TechnologyClassification (TechnologyClassification, DisplayOrder) values ('PSVNNRCBHM1JMNS8M B320XR79YH1V', 8)
insert into TechnologyClassification (TechnologyClassification, DisplayOrder) values ('LPHQK8IEFQ59DVQH0KXVUKAJD35SAQ', 9)
insert into TechnologyClassification (TechnologyClassification, DisplayOrder) values ('UG8SKCR3DPV133TN7FLW1 PTJQRO V', 5)
insert into TechnologyClassification (TechnologyClassification, DisplayOrder) values ('BPN7MS8XRHNFMR26GX1LA7CEY1MD 5', 2)
insert into [Version] ([Version], DisplayOrder) values ('FospUymjSXkF', 9)
insert into [Version] ([Version], DisplayOrder) values ('WEqWTCHCYQdo', 7)
insert into [Version] ([Version], DisplayOrder) values ('KGKuoWYnIXgq', 3)
insert into [Version] ([Version], DisplayOrder) values ('ZxdkLDGIynPq', 2)
insert into [Version] ([Version], DisplayOrder) values ('WnrLRYdNHJrg', 1)
insert into [Version] ([Version], DisplayOrder) values ('MWjvHklZcQik', 8)
insert into [Version] ([Version], DisplayOrder) values ('EpVESRalxBDG', 5)
insert into [Version] ([Version], DisplayOrder) values (' DlnHqDlKyqd', 4)
insert into [Version] ([Version], DisplayOrder) values ('NgLwZXFoXuxB', 6)
insert into ExecutionState (ExecutionState, DisplayOrder) values ('KKYJLB53I6FPVFO', 6)
insert into ExecutionState (ExecutionState, DisplayOrder) values ('HR04MA8H5S7LSWR', 8)
insert into ExecutionState (ExecutionState, DisplayOrder) values (' 4YINGQM3S4YGLN', 9)
insert into ExecutionState (ExecutionState, DisplayOrder) values ('M1ANN 8OSKG6PDN', 2)
insert into ExecutionState (ExecutionState, DisplayOrder) values (' CANQBN HN1SWVA', 4)
insert into ExecutionState (ExecutionState, DisplayOrder) values ('N7NCH9BA623AAOK', 3)
insert into ExecutionState (ExecutionState, DisplayOrder) values ('W1F427Y1XF5T2 F', 5)
insert into ExecutionState (ExecutionState, DisplayOrder) values ('DRMHXQ1 3Y BS Y', 7)
insert into ExecutionState (ExecutionState, DisplayOrder) values ('QRFB8B5MCUCF60R', 1)
insert into ExecutionState (ExecutionState, DisplayOrder) values ('2 YLMLDQOU4SCG1', 6)
insert into SupportStatus (SupportStatus, DisplayOrder) values ('x4NRmGktqoBQOao', 5)
insert into SupportStatus (SupportStatus, DisplayOrder) values ('7X1VARgvBFb3MJk', 9)
insert into SupportStatus (SupportStatus, DisplayOrder) values ('T5gbAQUH0v9r0w0', 7)
insert into SupportStatus (SupportStatus, DisplayOrder) values ('nB8MiKLVcOWkstg', 3)
insert into SupportStatus (SupportStatus, DisplayOrder) values ('unylUQVTl91jBte', 1)
insert into SupportStatus (SupportStatus, DisplayOrder) values ('oCQw72YpPQgTDmj', 4)
insert into SupportStatus (SupportStatus, DisplayOrder) values ('Pv0cTcBLDNb9CH8', 8)
insert into SupportStatus (SupportStatus, DisplayOrder) values ('SebU9JYR5VxW9WP', 2)
insert into SupportStatus (SupportStatus, DisplayOrder) values ('ByL3xMhkkhYdecr', 6)
insert into ServiceLevelSupport (ServiceLevelSupport, DisplayOrder) values ('JiDpjZNDgekH', 1)
insert into ServiceLevelSupport (ServiceLevelSupport, DisplayOrder) values ('ZndGlDQKNXqM', 5)
insert into ServiceLevelSupport (ServiceLevelSupport, DisplayOrder) values (' eABwZJRcLqu', 3)
insert into ServiceLevelSupport (ServiceLevelSupport, DisplayOrder) values ('YjhwRWDTUcsi', 4)
insert into ServiceLevelSupport (ServiceLevelSupport, DisplayOrder) values ('KnlPMdGRyptG', 7)
insert into ServiceLevelSupport (ServiceLevelSupport, DisplayOrder) values ('MIZlLJY ITvx', 6)
insert into ServiceLevelSupport (ServiceLevelSupport, DisplayOrder) values ('Er WNAebpDWm', 9)
insert into ServiceLevelSupport (ServiceLevelSupport, DisplayOrder) values ('KaXsOONoVUli', 2)
insert into ServiceLevelSupport (ServiceLevelSupport, DisplayOrder) values ('VGckLYhlRdRA', 8)
insert into ServiceLevelRestore (ServiceLevelRestore, DisplayOrder) values ('CCJK VTTUoMn', 4)
insert into ServiceLevelRestore (ServiceLevelRestore, DisplayOrder) values ('GxKIgSwEcyKi', 8)
insert into ServiceLevelRestore (ServiceLevelRestore, DisplayOrder) values ('VBVuMLeqmxSs', 9)
insert into ServiceLevelRestore (ServiceLevelRestore, DisplayOrder) values ('URL Mn jpVaj', 3)
insert into ServiceLevelRestore (ServiceLevelRestore, DisplayOrder) values ('QYiPfynQrRFM', 1)
insert into ServiceLevelRestore (ServiceLevelRestore, DisplayOrder) values ('VxKBWuKAqoms', 2)
insert into ServiceLevelRestore (ServiceLevelRestore, DisplayOrder) values ('YJbonfFjeDWA', 7)
insert into ServiceLevelRestore (ServiceLevelRestore, DisplayOrder) values ('PmsisdnRLCue', 6)
insert into ServiceLevelRestore (ServiceLevelRestore, DisplayOrder) values ('JYJXDfeRKCKP', 5)
insert into ServiceLevelRecovery (ServiceLevelRecovery, DisplayOrder) values (' OjYVCqDkBZ ', 6)
insert into ServiceLevelRecovery (ServiceLevelRecovery, DisplayOrder) values ('TRFDwxfiimCo', 9)
insert into ServiceLevelRecovery (ServiceLevelRecovery, DisplayOrder) values ('DpLmrvuuCnls', 8)
insert into ServiceLevelRecovery (ServiceLevelRecovery, DisplayOrder) values ('KBu hcmMhHYX', 3)
insert into ServiceLevelRecovery (ServiceLevelRecovery, DisplayOrder) values ('BxJKIBQuODde', 1)
insert into ServiceLevelRecovery (ServiceLevelRecovery, DisplayOrder) values ('BrmLEQOcaMCX', 4)
insert into ServiceLevelRecovery (ServiceLevelRecovery, DisplayOrder) values ('HpHIrNIxaZ e', 5)
insert into ServiceLevelRecovery (ServiceLevelRecovery, DisplayOrder) values ('IlLZo VonPUq', 7)
insert into ServiceLevelRecovery (ServiceLevelRecovery, DisplayOrder) values ('MwgylLusmuZl', 2)
insert into ExecutionStage (ExecutionStage, DisplayOrder) values ('WKIFKMU74358JJ2', 1)
insert into ExecutionStage (ExecutionStage, DisplayOrder) values ('EXVX9OQ3QEG8RSY', 9)
insert into ExecutionStage (ExecutionStage, DisplayOrder) values ('UMDWB4H5QVSST1C', 4)
insert into ExecutionStage (ExecutionStage, DisplayOrder) values ('BE0DJ16F4AUETKJ', 3)
insert into ExecutionStage (ExecutionStage, DisplayOrder) values ('W2UWR3Y4SD4CQ5N', 8)
insert into ExecutionStage (ExecutionStage, DisplayOrder) values ('WNBATF1NKUJKASR', 7)
insert into ExecutionStage (ExecutionStage, DisplayOrder) values (' N9ITCBJGQY1XB9', 6)
insert into ExecutionStage (ExecutionStage, DisplayOrder) values ('PDP42LOL6M6TGTJ', 5)
insert into ExecutionStage (ExecutionStage, DisplayOrder) values ('JOK1EX37QGF8E94', 2)
insert into ExecutionStatus (ExecutionStatus, DisplayOrder) values ('V9Kmntjto1RccpQ', 3)
insert into ExecutionStatus (ExecutionStatus, DisplayOrder) values ('uLo984asn1j7kto', 4)
insert into ExecutionStatus (ExecutionStatus, DisplayOrder) values ('4VCeYBXLCRNKY', 8)
insert into ExecutionStatus (ExecutionStatus, DisplayOrder) values ('lq4dnJlCe7Dl7Bi', 7)
insert into ExecutionStatus (ExecutionStatus, DisplayOrder) values ('8TAxbLQxI8UEryW', 6)
insert into ExecutionStatus (ExecutionStatus, DisplayOrder) values ('2m ht RnG lAYqB', 2)
insert into ExecutionStatus (ExecutionStatus, DisplayOrder) values ('6Lnkv0NMpbvxfEa', 5)
insert into ExecutionStatus (ExecutionStatus, DisplayOrder) values ('9vmMfp5Wh4ZvhqV', 9)
insert into ExecutionStatus (ExecutionStatus, DisplayOrder) values ('Rfxe4JTZ3SlTZgN', 1)
insert into ChangeStatus (ChangeStatus, DisplayOrder) values ('2UTL262Q2VXH00W', 8)
insert into ChangeStatus (ChangeStatus, DisplayOrder) values ('Y74YP7HJR3QNRXE', 3)
insert into ChangeStatus (ChangeStatus, DisplayOrder) values ('4VCF5PV82PQ8GEC', 4)
insert into ChangeStatus (ChangeStatus, DisplayOrder) values ('WJ3ONUWIRF9REGQ', 5)
insert into ChangeStatus (ChangeStatus, DisplayOrder) values ('TR3RKU1P9NJP96U', 9)
insert into ChangeStatus (ChangeStatus, DisplayOrder) values ('GFBFXUTIDUDKGU3', 6)
insert into ChangeStatus (ChangeStatus, DisplayOrder) values ('9G4M32WQXHUX5SO', 7)
insert into ChangeStatus (ChangeStatus, DisplayOrder) values ('VM8P1ITQRWPSJEC', 1)
insert into ChangeStatus (ChangeStatus, DisplayOrder) values ('P1KN  AK8Q78B43', 2)
insert into ChangeCostCategory (ChangeCostCategory, DisplayOrder, isDirect, isIndirect, isExtended, isCapital) values ('LYD2EU BX9UB1W9', 1, 3, 1, 7, 1)
insert into ChangeCostCategory (ChangeCostCategory, DisplayOrder, isDirect, isIndirect, isExtended, isCapital) values ('QMTPQ4D76DGU6OJ', 2, 8, 4, 2, 6)
insert into ChangeCostCategory (ChangeCostCategory, DisplayOrder, isDirect, isIndirect, isExtended, isCapital) values ('T7VY7H9CK0I8NQF', 7, 5, 8, 3, 3)
insert into ChangeCostCategory (ChangeCostCategory, DisplayOrder, isDirect, isIndirect, isExtended, isCapital) values ('OYW F5YM15C3HXE', 8, 4, 5, 8, 2)
insert into ChangeCostCategory (ChangeCostCategory, DisplayOrder, isDirect, isIndirect, isExtended, isCapital) values ('X0PNOCTQ5AJDNSO', 3, 0, 0, 9, 0)
insert into ChangeCostCategory (ChangeCostCategory, DisplayOrder, isDirect, isIndirect, isExtended, isCapital) values ('JTAT59W2KJKB979', 6, 7, 7, 6, 9)
insert into ChangeCostCategory (ChangeCostCategory, DisplayOrder, isDirect, isIndirect, isExtended, isCapital) values ('VOAIFXAK4AX4R1S', 4, 6, 3, 0, 7)
insert into ChangeCostCategory (ChangeCostCategory, DisplayOrder, isDirect, isIndirect, isExtended, isCapital) values (' 0KT LL8504I4GV', 9, 9, 2, 1, 4)
insert into ChangeCostCategory (ChangeCostCategory, DisplayOrder, isDirect, isIndirect, isExtended, isCapital) values ('5TXEPG1 0YCP4QX', 5, 1, 6, 5, 5)
insert into ChangeCostStatus (ChangeCostStatus, DisplayOrder) values (' AUO1V3XMAB P4U', 2)
insert into ChangeCostStatus (ChangeCostStatus, DisplayOrder) values ('8FSYCLMGWR4NOFU', 1)
insert into ChangeCostStatus (ChangeCostStatus, DisplayOrder) values ('T33KRK VRDYFSKC', 9)
insert into ChangeCostStatus (ChangeCostStatus, DisplayOrder) values ('2L V11DBTO4L5WA', 8)
insert into ChangeCostStatus (ChangeCostStatus, DisplayOrder) values ('TA7JE9ITHC43E6B', 5)
insert into ChangeCostStatus (ChangeCostStatus, DisplayOrder) values ('AJT1H9L1OCGG5KY', 7)
insert into ChangeCostStatus (ChangeCostStatus, DisplayOrder) values ('FKQIV60AM2R0FKU', 3)
insert into ChangeCostStatus (ChangeCostStatus, DisplayOrder) values ('8 79F49E7Q0UCLQ', 6)
insert into ChangeCostStatus (ChangeCostStatus, DisplayOrder) values ('QM42PBTAFC92XT4', 4)
insert into OperatingCostCategory (OperatingCostCategory, DisplayOrder, isDirect, isIndirect, isExtended, isCapital) values ('R0KDF66UWUABWBG', 9, 9, 7, 0, 3)
insert into OperatingCostCategory (OperatingCostCategory, DisplayOrder, isDirect, isIndirect, isExtended, isCapital) values ('U429UX 4MFB8WWP', 4, 2, 1, 3, 7)
insert into OperatingCostCategory (OperatingCostCategory, DisplayOrder, isDirect, isIndirect, isExtended, isCapital) values ('XN6KE7N26VOYCIN', 3, 7, 5, 6, 0)
insert into OperatingCostCategory (OperatingCostCategory, DisplayOrder, isDirect, isIndirect, isExtended, isCapital) values ('OOX5W2BKTWKQA7H', 1, 8, 0, 5, 2)
insert into OperatingCostCategory (OperatingCostCategory, DisplayOrder, isDirect, isIndirect, isExtended, isCapital) values ('RO54PTB749 CLB9', 7, 4, 8, 8, 4)
insert into OperatingCostCategory (OperatingCostCategory, DisplayOrder, isDirect, isIndirect, isExtended, isCapital) values ('TPVNYRJS5W7RRQK', 2, 0, 3, 2, 9)
insert into OperatingCostCategory (OperatingCostCategory, DisplayOrder, isDirect, isIndirect, isExtended, isCapital) values ('7GA80J0W8 3D AP', 8, 6, 9, 9, 6)
insert into OperatingCostCategory (OperatingCostCategory, DisplayOrder, isDirect, isIndirect, isExtended, isCapital) values ('5T9BO8HKF9YAECJ', 6, 1, 2, 1, 1)
insert into OperatingCostCategory (OperatingCostCategory, DisplayOrder, isDirect, isIndirect, isExtended, isCapital) values ('U4GA9854LK 5064', 5, 5, 6, 7, 5)
insert into OperatingCostStatus (OperatingCostStatus, DisplayOrder) values ('P8T4 JYOEIM6LF4', 8)
insert into OperatingCostStatus (OperatingCostStatus, DisplayOrder) values ('1VTMP2H4BS58O63', 7)
insert into OperatingCostStatus (OperatingCostStatus, DisplayOrder) values ('CUPAFWXSGTODBL9', 5)
insert into OperatingCostStatus (OperatingCostStatus, DisplayOrder) values ('B8I7XP9SA8JFG', 9)
insert into OperatingCostStatus (OperatingCostStatus, DisplayOrder) values ('ACRX8SS5APYUH7K', 3)
insert into OperatingCostStatus (OperatingCostStatus, DisplayOrder) values ('4IDVKLB6P9HU7NN', 6)
insert into OperatingCostStatus (OperatingCostStatus, DisplayOrder) values ('GKXNW19YK06ANF0', 2)
insert into OperatingCostStatus (OperatingCostStatus, DisplayOrder) values ('NKDNBKPJOIILNXE', 1)
insert into OperatingCostStatus (OperatingCostStatus, DisplayOrder) values ('AY9HT7H70FYABMO', 4)
insert into ChangeTicketSystem (ChangeTicketSystem, DisplayOrder) values ('GXXM6896JTSAXH4', 3)
insert into ChangeTicketSystem (ChangeTicketSystem, DisplayOrder) values ('4X1CKVIN3O9E6DU', 7)
insert into ChangeTicketSystem (ChangeTicketSystem, DisplayOrder) values ('FCEYBDR9 QDF3JK', 1)
insert into ChangeTicketSystem (ChangeTicketSystem, DisplayOrder) values ('XDN 1PE12 H4HES', 5)
insert into ChangeTicketSystem (ChangeTicketSystem, DisplayOrder) values ('NEIUY3B3RY45HI4', 2)
insert into ChangeTicketSystem (ChangeTicketSystem, DisplayOrder) values ('DGUK5I9N0HDJWLL', 4)
insert into ChangeTicketSystem (ChangeTicketSystem, DisplayOrder) values (' 06X3A8CC0VGDH ', 8)
insert into ChangeTicketSystem (ChangeTicketSystem, DisplayOrder) values (' 9RXI4MVTXDD1OF', 9)
insert into ChangeTicketSystem (ChangeTicketSystem, DisplayOrder) values ('Y8G4CPR9U1GXSUR', 6)
insert into ChangeTicketSystem (ChangeTicketSystem, DisplayOrder) values ('YH8RAB3S6YB25YL', 3)
insert into ChangeTicketStatus (ChangeTicketStatus, DisplayOrder) values ('0D M9FJG76EWQEI', 3)
insert into ChangeTicketStatus (ChangeTicketStatus, DisplayOrder) values ('OFCMSJGX E3MEYU', 8)
insert into ChangeTicketStatus (ChangeTicketStatus, DisplayOrder) values ('2QE94WYUN0BS3KE', 9)
insert into ChangeTicketStatus (ChangeTicketStatus, DisplayOrder) values ('1231WMUGAMNVMIV', 4)
insert into ChangeTicketStatus (ChangeTicketStatus, DisplayOrder) values ('56VL1CEDSA8IFOT', 2)
insert into ChangeTicketStatus (ChangeTicketStatus, DisplayOrder) values ('PXWMQB5D10E2 B7', 7)
insert into ChangeTicketStatus (ChangeTicketStatus, DisplayOrder) values ('2FJCVPIDTF36D3H', 6)
insert into ChangeTicketStatus (ChangeTicketStatus, DisplayOrder) values ('GXDLC8KRTY9OFQX', 5)
insert into ChangeTicketStatus (ChangeTicketStatus, DisplayOrder) values ('4 D65G1B91MIMAT', 1)
insert into BusinessProfileStatus (BusinessProfileStatus, DisplayOrder) values ('pc8NdModjsD3puH', 9)
insert into BusinessProfileStatus (BusinessProfileStatus, DisplayOrder) values ('3PtRNS KRlKaS7X', 1)
insert into BusinessProfileStatus (BusinessProfileStatus, DisplayOrder) values ('0m7IM734uGNbR4H', 5)
insert into BusinessProfileStatus (BusinessProfileStatus, DisplayOrder) values ('VNGyF2sBEWaI0EH', 2)
insert into BusinessProfileStatus (BusinessProfileStatus, DisplayOrder) values ('pIkgj7mWrW09U8e', 7)
insert into BusinessProfileStatus (BusinessProfileStatus, DisplayOrder) values ('s26VEtr9BQwFXKR', 4)
insert into BusinessProfileStatus (BusinessProfileStatus, DisplayOrder) values ('ff7P4ovb4nh5Jrf', 8)
insert into BusinessProfileStatus (BusinessProfileStatus, DisplayOrder) values ('wiAFcAcKM1m3oZL', 3)
insert into BusinessProfileStatus (BusinessProfileStatus, DisplayOrder) values ('wjn7nhoqpY4ebqk', 6)
insert into BusinessServiceType (BusinessServiceType, DisplayOrder) values ('4VCSXGXLQLQNV8K', 4)
insert into BusinessServiceType (BusinessServiceType, DisplayOrder) values ('YGARSERV1UQ4OJG', 1)
insert into BusinessServiceType (BusinessServiceType, DisplayOrder) values ('PF45YMIG192XIGA', 5)
insert into BusinessServiceType (BusinessServiceType, DisplayOrder) values ('WU F 58BF0I1Q5W', 9)
insert into BusinessServiceType (BusinessServiceType, DisplayOrder) values ('HMA3HT181VKRI8K', 6)
insert into BusinessServiceType (BusinessServiceType, DisplayOrder) values ('0WY5EVBDYRC6M26', 8)
insert into BusinessServiceType (BusinessServiceType, DisplayOrder) values ('77LS7VAVPJ4 RNL', 3)
insert into BusinessServiceType (BusinessServiceType, DisplayOrder) values ('615EJCW1VV2RN5C', 7)
insert into BusinessServiceType (BusinessServiceType, DisplayOrder) values ('2S75IEBEVKNR5VV', 2)

set identity_insert Location on
go
insert into Location (i_Location, Stereotype, Name, t_Tree, GeneralStatus) values (2, 6, '9FPUAGKQIP38SGQ4W0TL8MFBVC92TR', 9, 'H931U56I7XCTJL5')
insert into Location (i_Location, Stereotype, Name, t_Tree, GeneralStatus) values (1, 0, '9FPUAGKQIP38SGQ4W0TL8MFBVC92TR', 6, 'TPWPGYIPWHRD9UA')
insert into Location (i_Location, Stereotype, Name, t_Tree, GeneralStatus) values (6, 8, '9FPUAGKQIP38SGQ4W0TL8MFBVC92TR', 7, 'OXOD0 LPP5SJ60 ')
insert into Location (i_Location, Stereotype, Name, t_Tree, GeneralStatus) values (0, 3, '9FPUAGKQIP38SGQ4W0TL8MFBVC92TR', 1, '4QJLAJGBR67CLCS')
insert into Location (i_Location, Stereotype, Name, t_Tree, GeneralStatus) values (7, 9, '9FPUAGKQIP38SGQ4W0TL8MFBVC92TR', 4, 'F9QAQY 4 VMHEGT')
insert into Location (i_Location, Stereotype, Name, t_Tree, GeneralStatus) values (3, 1, '9FPUAGKQIP38SGQ4W0TL8MFBVC92TR', 8, '0RLXA6FT09HRSQW')
insert into Location (i_Location, Stereotype, Name, t_Tree, GeneralStatus) values (5, 7, '9FPUAGKQIP38SGQ4W0TL8MFBVC92TR', 3, 'PT9Y24AJW HG2JB')
insert into Location (i_Location, Stereotype, Name, t_Tree, GeneralStatus) values (4, 5, '9FPUAGKQIP38SGQ4W0TL8MFBVC92TR', 5, '7SAL 23J72T23FX')
insert into Location (i_Location, Stereotype, Name, t_Tree, GeneralStatus) values (9, 4, '9FPUAGKQIP38SGQ4W0TL8MFBVC92TR', 2, 'KURYR8HYX35GIQE')
insert into Location (i_Location, Stereotype, Name, t_Tree, GeneralStatus) values (8, 2, '9FPUAGKQIP38SGQ4W0TL8MFBVC92TR', 0, 'A3IEO46YRCD0CYT')
go
set identity_insert Location off
go

set identity_insert Person on
go
insert into Person (i_Person, Stereotype, Organization, Name_First, Name_Last, Email, JobTitle, Phone_Office, isActive, JobNumber, EmploymentType, YearsEmployed, Email_2, Phone_Mobile, Location_Street_1, Location_Street_2, MailCode, Location_City, State, PartTime, Start_Date_Original, Start_Date_Contract, End_Contract, End_Final, GeneralStatus) values (1, 0, 0, 'L4QSCN V8S8WG NCK99 RUVLLQR0IF', '0FFJ2EYQW371F1TQ21IQ5KN6J3SQ8Y', 'HS45GA5SWE1TAVGCUYTSBOCF L8G3V1E4CCW61LTG 85O07C3XYC11DKHDOF', '1XDJ8WDCVL ANRH', '5O0TT44X6 FUC8Y', 6, 'YGUJN4Y6J3O7W3N', 'BVrlRNuqfDVX', 5, '3Y1B0PS3TWCX3O2TF9 8TO179G4XAOXBFA5P 8AHD4URJU6K3B VECFBXUS5', 'AXUV5BWEEMEQ4N7', 'SKPN3K4V0HNKRB06DV8DSTKRKJ49K8', 'BQ3E3VM9GLNH1 QUD0IWUXNABHADS1', '6SJCLUN5', 'ICNTE WJR8BE7E3OWYJ2E1 SQSE7ET', ' 0', 1, '2000-6-26', '2000-3-21', '2000-3-1', '2000-2-6', 'M9NF I8N25515EW')
insert into Person (i_Person, Stereotype, Organization, Name_First, Name_Last, Email, JobTitle, Phone_Office, isActive, JobNumber, EmploymentType, YearsEmployed, Email_2, Phone_Mobile, Location_Street_1, Location_Street_2, MailCode, Location_City, State, PartTime, Start_Date_Original, Start_Date_Contract, End_Contract, End_Final, GeneralStatus) values (8, 1, 0, 'L4QSCN V8S8WG NCK99 RUVLLQR0IF', '0FFJ2EYQW371F1TQ21IQ5KN6J3SQ8Y', 'UOE BB K 7TA31 UJV8GAC27BGVB8A9EYTOWHQ5XNQA8 7KEMM60NQQT0NXK', 'BB1RD8HRDMN7PY4', 'AOVEY62MVNM3HA6', 2, 'HWB4MC4LE45314L', 'OqOBi KmniuX', 7, 'VN0Y XTAVFPU9SMLAYK3AQYI33YOIYMWTJ4A3YVRWSMIMPOTKS45948H99YM', '10SC64TW4X38R24', 'FJDU72NYFIE9DE8UHYJWQXO4AO66', ' QCS1 V0K1781L27AUSAG778B9B5HD', 'HLKK4K7I', 'N2VCSP95Q060LT5UWB35V4FWDVFKDM', ' 1', 2, '2000-9-15', '2000-6-24', '2000-2-3', '2000-7-6', 'SYUWJO6AK3CVJIX')
insert into Person (i_Person, Stereotype, Organization, Name_First, Name_Last, Email, JobTitle, Phone_Office, isActive, JobNumber, EmploymentType, YearsEmployed, Email_2, Phone_Mobile, Location_Street_1, Location_Street_2, MailCode, Location_City, State, PartTime, Start_Date_Original, Start_Date_Contract, End_Contract, End_Final, GeneralStatus) values (5, 4, 0, 'L4QSCN V8S8WG NCK99 RUVLLQR0IF', '0FFJ2EYQW371F1TQ21IQ5KN6J3SQ8Y', 'P23 MSQTPPW523RG075OP0252PHX4V223EC5BMRBN96LCBHIORRQTBCQ2UOK', 'KFVTVCI7FCPMCET', 'E32OYU 38F7QA6S', 5, 'T1W4LLKM44E55U9', 'FwFWTwGWH Jl', 6, 'JKIOWDCDSK31IE3M9NU1MP26T70CDO644HB90R42RY6E7VJ5PGW7YK2EING ', 'R U2OWKW1GW M2W', '7SBHTQ9KM1RRGBM1BO 3JV5TI2LV', '9N670E0 KT9FLY7YDN5V91F6BUBA5A', 'WUQ1DJCD', '6IP1T5U KCHVXIV SOEM1WFVLT47G2', ' 2', 0, '2000-4-25', '2000-8-6', '2000-5-2', '1999-12-31', 'SYUWJO6AK3CVJIX')
insert into Person (i_Person, Stereotype, Organization, Name_First, Name_Last, Email, JobTitle, Phone_Office, isActive, JobNumber, EmploymentType, YearsEmployed, Email_2, Phone_Mobile, Location_Street_1, Location_Street_2, MailCode, Location_City, State, PartTime, Start_Date_Original, Start_Date_Contract, End_Contract, End_Final, GeneralStatus) values (4, 6, 0, 'L4QSCN V8S8WG NCK99 RUVLLQR0IF', '0FFJ2EYQW371F1TQ21IQ5KN6J3SQ8Y', 'TX898203KSGMQKUXPX3S3MDW3AWHWTO1D2QDLS D4DUUYTN4J0MG5LUVUBYT', 'KFVTVCI7FCPMCET', 'S912LLWGXDXSLJF', 4, 'H51OYI0C1HBQ67 ', 'BVrlRNuqfDVX', 3, '0OR04KRR5UB0ECNBPBUR2YJJ5Q8UH7JL069WYNFHJA8MMY1MVF8Y32BI050C', '65 X1SVVUMO2QF9', 'JATPS8HGHLWGF34 DOKAAF3N2XQHTE', 'WF80SJV02NQV2L5GF5IU 5FF3 1HXP', 'GR9JXRWH', 'Y2AORVKD6VSDX492EDT DIBILA1IBR', ' 3', 8, '2000-6-7', '2000-8-24', '2000-7-21', '2000-8-31', 'SYUWJO6AK3CVJIX')
insert into Person (i_Person, Stereotype, Organization, Name_First, Name_Last, Email, JobTitle, Phone_Office, isActive, JobNumber, EmploymentType, YearsEmployed, Email_2, Phone_Mobile, Location_Street_1, Location_Street_2, MailCode, Location_City, State, PartTime, Start_Date_Original, Start_Date_Contract, End_Contract, End_Final, GeneralStatus) values (6, 5, 0, 'L4QSCN V8S8WG NCK99 RUVLLQR0IF', '0FFJ2EYQW371F1TQ21IQ5KN6J3SQ8Y', 'EAOXB5BGDF3PV FT15BEE5IE9J KJ8712 T58K4CBS28VQ179TD90HLBL9E7', 'HQV8VDFS TOAFGJ', 'WHYMCNF0I9SQD2E', 9, 'WL2W54GN9GDXI45', 'QYByHfGsNg N', 8, 'KN8KAMN5QOW3J8J354PDPDC09OSWGAAHASEMYY8X9KMHMGCF85YYFXBYOSAR', 'W4UW3MRO1SC2M2T', 'O5YL5RG2LIM6RMD 90T3 XVSYDDEGF', ' V0H15YKQJL KW84IXBGPDE447MIVR', '92XQNXUW', '4QYCOTGY8X86UTHPG8K1CQ9TJJX EI', ' 4', 6, '2000-8-30', '1999-12-31', '2000-3-15', '2000-5-27', 'W O955NXJG70UUG')
insert into Person (i_Person, Stereotype, Organization, Name_First, Name_Last, Email, JobTitle, Phone_Office, isActive, JobNumber, EmploymentType, YearsEmployed, Email_2, Phone_Mobile, Location_Street_1, Location_Street_2, MailCode, Location_City, State, PartTime, Start_Date_Original, Start_Date_Contract, End_Contract, End_Final, GeneralStatus) values (3, 8, 0, 'L4QSCN V8S8WG NCK99 RUVLLQR0IF', '0FFJ2EYQW371F1TQ21IQ5KN6J3SQ8Y', 'SGP42M4TW6QMXRJ99B EP2BJ7O4QXNQ8DUYX9 IEBG2OA92GGVYLY6KA0YSV', 'BB1RD8HRDMN7PY4', 'QJP0UYOBLER8APW', 3, '5U3245DUKTWO0WQ', 'HhQhDlLFQRFW', 4, 'K3ENPGQS8PU6YAXUI63DWC0YBAJM3B5GM3 XOHYBJUMMVU3O06QGQ5YCVAYN', 'X8MTNB3OB5WV9EG', 'G49UGMFONDANKTUT5VNCALYNU2QFFE', 'D71DMAR4PDHIFTWLWSJ4X2USXKEKHG', 'MC47RBI ', 'OLJCCQNB1OT1P8Y47QK XKVN7I5S51', ' 5', 5, '1999-12-31', '2000-10-7', '1999-12-31', '2000-4-28', 'SSVAC8I6 RLLAVI')
insert into Person (i_Person, Stereotype, Organization, Name_First, Name_Last, Email, JobTitle, Phone_Office, isActive, JobNumber, EmploymentType, YearsEmployed, Email_2, Phone_Mobile, Location_Street_1, Location_Street_2, MailCode, Location_City, State, PartTime, Start_Date_Original, Start_Date_Contract, End_Contract, End_Final, GeneralStatus) values (9, 7, 0, 'L4QSCN V8S8WG NCK99 RUVLLQR0IF', '0FFJ2EYQW371F1TQ21IQ5KN6J3SQ8Y', 'PNHH8XT 4VULIBIN672PY40TDHDVL0MU180YGNMPR4VESATH1KW6DDNRVB W', 'WGEVJQQ O3E9N75', '2RDWSCXAOSB818V', 8, '3CTN9D0UOA7FCUA', 'LCuAMntAePut', 1, 'WBLJ C7BNTLRGY6RS8AP2RK01XTAR8TE7TPY7FJIPC30P4HV2KJ UTB4Q5IA', 'CTOT4X3RG9 D4GG', '294G1TTFCRGQRYGVN YSWXRTCH 7KG', '0GPQQR0C420C9WRO9N3O8APTHPWGEB', '1ICLHTNM', 'N3MRTXA4W7HI87CVUGT9OG63B8YJJG', ' 6', 7, '2000-2-1', '2000-2-11', '2000-9-18', '2000-3-15', 'W O955NXJG70UUG')
insert into Person (i_Person, Stereotype, Organization, Name_First, Name_Last, Email, JobTitle, Phone_Office, isActive, JobNumber, EmploymentType, YearsEmployed, Email_2, Phone_Mobile, Location_Street_1, Location_Street_2, MailCode, Location_City, State, PartTime, Start_Date_Original, Start_Date_Contract, End_Contract, End_Final, GeneralStatus) values (2, 9, 0, 'L4QSCN V8S8WG NCK99 RUVLLQR0IF', '0FFJ2EYQW371F1TQ21IQ5KN6J3SQ8Y', 'B34FNBN09I18 L94IE5WYCTELCT142GCN159 YLA2M6H96J9965FOJ 4LDRX', 'WGEVJQQ O3E9N75', 'OXCCS0K23UI0SSK', 7, 'X15XHXL5D0XX9Q3', 'LCuAMntAePut', 2, 'VPJSGW9GJDE0HNHO430865UNMTSH4D4LO867BP7V354X0BNNU9DK6XG82O46', 'RDYA2XUUN125 60', 'PX2LSN CAB70OYXI4S0F2IJCMEDETU', 'NABAYINLTXI3P7898 SVT5Q8HFTSP5', 'J8XPIFXH', '416C7DWT1WKFCWC54HMQPEN3880PXW', ' 7', 4, '2000-3-20', '2000-4-14', '2000-4-8', '2000-8-15', 'PQ6RSW30UP1GSFI')
insert into Person (i_Person, Stereotype, Organization, Name_First, Name_Last, Email, JobTitle, Phone_Office, isActive, JobNumber, EmploymentType, YearsEmployed, Email_2, Phone_Mobile, Location_Street_1, Location_Street_2, MailCode, Location_City, State, PartTime, Start_Date_Original, Start_Date_Contract, End_Contract, End_Final, GeneralStatus) values (0, 3, 0, 'L4QSCN V8S8WG NCK99 RUVLLQR0IF', '0FFJ2EYQW371F1TQ21IQ5KN6J3SQ8Y', 'D5VE740P36YNGIK7OT8QSQQBK9IDGB8IL03IT8E P3S93A4V0GNMXOCNOKBF', '1XDJ8WDCVL ANRH', 'Y2BR7CHTEU LIVV', 1, '2QDQFKA5SIQAEVH', 'FwFWTwGWH Jl', 0, 'JLT372IR9M9B6DJ0BOH0W3YICSWVLGAQBXMYOTXFL5CF63JUYBJK1HDISRHV', '7REAHPTIR1GV5OK', 'W0WY1CH3732LPK0SG4FOMI4U0E2RM ', 'EQE98012HY34YCLUUOWUB0WVCBKCPP', 'S56DCR40', ' WX6S13HOM3W5NVEVX6 SQX9DO36O6', ' 8', 9, '2000-8-7', '2000-5-20', '2000-9-3', '2000-10-11', 'M9NF I8N25515EW')
insert into Person (i_Person, Stereotype, Organization, Name_First, Name_Last, Email, JobTitle, Phone_Office, isActive, JobNumber, EmploymentType, YearsEmployed, Email_2, Phone_Mobile, Location_Street_1, Location_Street_2, MailCode, Location_City, State, PartTime, Start_Date_Original, Start_Date_Contract, End_Contract, End_Final, GeneralStatus) values (7, 2, 0, 'L4QSCN V8S8WG NCK99 RUVLLQR0IF', '0FFJ2EYQW371F1TQ21IQ5KN6J3SQ8Y', 'JJCQC4 GFQD17R0NVM4QO24DQ5SARKBY8YN8WY9B6JHLMCFHTNDWRPTLDU8T', 'KFVTVCI7FCPMCET', '5GBT5 1G43LDA3M', 0, 'K4U4Y8CONI3LBGT', 'EbsbsUyeGgh ', 9, 'N0WMB Y6FM9 9Q74N1FS5W5G8TNQ8SHQVSW23F3 06R0SXKK8BVXQ1L0K273', '9IW086HSQ55Y9LA', 'CDJX9H9SKUNCDY27GEA5DVQM35IU41', 'NRDR13XY9UBJP EK9Y0CW98XB906XK', 'BIMQ67BX', '7KNSP3OWQBY60MMA0HFWQT9Y50L8XM', '  ', 3, '2000-2-24', '2000-3-21', '2000-6-9', '2000-2-6', '08BX0B9V7FLVAOX')
go
set identity_insert Person off
go

set identity_insert Roadmap on
go
insert into Roadmap (i_Roadmap, Stereotype, Name, Summary, isTemplate, isDefault, isItem, ExecutionState, ExecutionStage, [Owner], Submap, Retire_Date, Retire_Approach, Retire_Replacement, GeneralStatus, ExecutionStatus) values (9, 1, 'XOEMJGJ4MC619YCV16WGE30WSQ4OTJ', '34YJ7834BJNMQ X 0AUNJOCQOBJOK5P5OGS1 99S2BW7S4MX VXNWGPHMD7063B6YI53QHKR0CUB6DKDTRA57P11SQ4G0ND84Y6HCIIPCDGFW06AW2VDQNYV20JH07VKQ9P2K6SVLYCWUL150NDORS7 PODI1H VUQ5N4N6 QGQATYXYD70GGWOVEY82UF1HTEP5NCQD5YJ3J7O9K3T2V1HM7TBN3AH7G23FNYJTOCCTMSF5NLCY KTSN3LVCN D BRHIHXPFAD2LBB8 OVLN22JKBJ93ABU1LT9M5CW1AIGWSROG4CIQHBTEHPBG2M10R6KETIJ9MUFA38HB1Q0KTKR26H5GY7LQ0BHUFA3V7ORJQ 30XE3C8G101LEM K 2433N64P5XKMECQ3BP8H30ICFR61C50QO5HPU390MJJ1U5YDSYK70WM6638B706409B1PPDCFRLF0 ILNDRLC75QPUOOYL491KD2M3FUFEKF75M8PL17MRT37TBY', 7, 5, 4, 'KKYJLB53I6FPVFO', 'W2UWR3Y4SD4CQ5N', 4, 4, '2000-4-12', 'GDRjsSYeRkbV', 5, 'PQ6RSW30UP1GSFI', 'uLo984asn1j7kto')
insert into Roadmap (i_Roadmap, Stereotype, Name, Summary, isTemplate, isDefault, isItem, ExecutionState, ExecutionStage, [Owner], Submap, Retire_Date, Retire_Approach, Retire_Replacement, GeneralStatus, ExecutionStatus) values (3, 6, 'XOEMJGJ4MC619YCV16WGE30WSQ4OTJ', 'IJYXU752JMJHMB6S4VTKP5T96SLS5FYC6OE4787WLPDDQ8R Q0SOJUNSD12DBMJ1U2GM0SDC JJJ3RIRI 378XHC3NPTOLE2 G 6AS2II3G 6LI2S6 HW6E1FJW7DBUSSOQSDS0CK9HUP19PHVO6WUVM6P VMCJD0MCPMRFK94VMHTN69HA6QQRSP65ETOMR37EJLBUOCNS2GA UDFUP04EW4 JOJXLN6AC32HA 7XA7SA RS398JWG3464YI7DJ0WLHUW4JV0EDS6SV31CJAF D2WWMK4AP0YE50P7623Y6UVXTHPUOCNKH19MGRV178KYRRMOJ69RGMTA0XNEY001WQH4G86TWGPCAEU717PIGV 9R GK PGSYGP YE94D2HL G3RUTPTJHUK0TPSO IHQ86SIOVW120KEKNTYDF6GJGDKC0F6K792R60 QBJ36G4AKB64U7089E8132RXE5OMA  KEGSHR YSFH2VWBN51Q3Q7JYPIEOTVX NNL', 6, 7, 9, ' CANQBN HN1SWVA', ' N9ITCBJGQY1XB9', 6, 9, '2000-8-17', ' CPYNihkDWPT', 7, 'BEELB541KDAGRG ', '9vmMfp5Wh4ZvhqV')
insert into Roadmap (i_Roadmap, Stereotype, Name, Summary, isTemplate, isDefault, isItem, ExecutionState, ExecutionStage, [Owner], Submap, Retire_Date, Retire_Approach, Retire_Replacement, GeneralStatus, ExecutionStatus) values (2, 3, 'XOEMJGJ4MC619YCV16WGE30WSQ4OTJ', 'TYUSP9AX6IT4ASG3CTL62H4MLU2D8YKO6124WDE4I5L 2Y4OR6PP4LJY6Q7PRHF3V2S9Y17 KNSB2T 4JKPYYLC4L78BMHOSA3YH8IBY6OPJ6S N9EEPFB5CEUQPNJXA8085 9H1MO94AKB1W 9T6YUDLZYBPGVLVGXMC2MRKW2K44BKVCF5VWDHIOTOGDG8TVY9F0S64ACFEOF10AON0UWJ0WWBJOPA4HYJ5E7VRO 7MTBSHGF8 SQU7AFUH1VE585VEW8 DLKJBCRQY8RW50BBQAATQG9PR IS EF49F91VDP8FRGNR18DL5 XL4GU57LSK3HH59XCJ999D XHWPAX7WQTAK41 AMGQG8T4155JOO9KN6IO3EHDBD61M31BCHB06NBPG27YLD8B9YT MN2B0FRTDD3KAQ0SDYRUYH6S6XR83OJQ 96NB2AN530MRK7EAEHUSYX003UEAASO2MWGD2MDNK3P9UK1KIBH0K8DTP3AMJUH5AV55YJRR', 4, 3, 3, ' CANQBN HN1SWVA', 'WNBATF1NKUJKASR', 3, 9, '2000-1-29', 'GDRjsSYeRkbV', 0, 'RI0HU4QPSM4B940', '8TAxbLQxI8UEryW')
insert into Roadmap (i_Roadmap, Stereotype, Name, Summary, isTemplate, isDefault, isItem, ExecutionState, ExecutionStage, [Owner], Submap, Retire_Date, Retire_Approach, Retire_Replacement, GeneralStatus, ExecutionStatus) values (7, 4, 'XOEMJGJ4MC619YCV16WGE30WSQ4OTJ', '99J13RT1VMVF6WNPUOQRRVPR 6KBTWIOTU43GLTVBAKN7VG0O714X4VNKIYDHL7Y S09STXJPRJ1R BDKVWWPWCX110KCKBBOK13J60P7 5RN8PP1ED3FJFYKJS JQ8U14I0WLUF2H5RAIY6R2 G1DCCI8RFT4BU9054LV1XN9QRRWCBJNLI5R51BWSJLOQ R91D4X6SJVG9SC TCFKK25X8OW6OXHL34HPILOQVHFCIS 0SC9LSPYJEC2L1JNYD0Q2YR329BISNTUDHTJS0ONVBAS6KT7QBBPF215HF49KGK3YJ66PX7RM2N E0TCQN3JJUHW5 1FWLEVJT2L8 8TFWO36W78RDHYJ5VC6YF5EHDCUH8RRE9EUHR2THC1ETU6YMLMKKT8294QF0L6 6K2COJH2W809JO QMNS6CUWDY BU48V350H9OPB20JFSFLO8CR1W4BY3A BHSDFNT3AUX65AELLBNG28SBJDY8SITR4OBDXLM06B5 4QKCS', 1, 1, 5, 'HR04MA8H5S7LSWR', ' N9ITCBJGQY1XB9', 9, 3, '2000-5-19', ' CPYNihkDWPT', 3, '08BX0B9V7FLVAOX', '2m ht RnG lAYqB')
insert into Roadmap (i_Roadmap, Stereotype, Name, Summary, isTemplate, isDefault, isItem, ExecutionState, ExecutionStage, [Owner], Submap, Retire_Date, Retire_Approach, Retire_Replacement, GeneralStatus, ExecutionStatus) values (8, 0, 'XOEMJGJ4MC619YCV16WGE30WSQ4OTJ', '5K7IWN9GA8O89UL MAS0ANMWQDCTQOFDGYXXSHC35N PDGGCIJCSKTF73VMG1P5SCSYQWLUOD3J3BJYLB6V0JTKV88BOSGFESCNVM2RJCS W SD41ODVV5UO0C4RLGWOO5OTQSP A924LKMGIP14H3QJ4BVFE1S4T1QMFD0ED9N9V6B2G752UNDA5KJ KB17Y6QTBAL6NVUEUKOGLH8GQNIVLT99X76HNXQGFQ3Q3GV32JL8G2WPCQM7X1CLNDGKHYY65PRILK3GDNNYJQXNC8S9GH9VB8Q1V8Q4C J1W6163A098NAPQDQ2FQLI 2KJ41N 74YTQGEFYJKSS43TX1VNYK4G W5PHUCWFH9ENU0W1BT8GWKGT09235S76HCA4HNO 5DD74WTUB BAU5LLSNFTUNQTGM 30LJC1TCQB80D0VSB8FTYNDUYAXLH56LDTABETRYMQARVN EGK35YOHIAI2V7PTVRK3BD 4W1 JW5AG IM170QNLIOK5H1', 3, 4, 8, ' CANQBN HN1SWVA', 'UMDWB4H5QVSST1C', 5, 9, '1999-12-31', 'RkehwLVbVkXd', 6, 'SSVAC8I6 RLLAVI', '8TAxbLQxI8UEryW')
insert into Roadmap (i_Roadmap, Stereotype, Name, Summary, isTemplate, isDefault, isItem, ExecutionState, ExecutionStage, [Owner], Submap, Retire_Date, Retire_Approach, Retire_Replacement, GeneralStatus, ExecutionStatus) values (6, 8, 'XOEMJGJ4MC619YCV16WGE30WSQ4OTJ', '0N45EEYSDV4WNSAQ2D8HC31G8C5B6K3WVT2SWY77PMWNECWKCG9H5HB87 Q8PTCQ877 BWL3YWBPO0W5C339VKIA8TNJ71WUIS0IMQ10KJ8RMPOPUA6QY2QLN56JU0R8SIXFVDTBPDDSHY 4AYX347GXECJVY HSVB81CEN757E4OR 4R3JT5SKS4RTI1QV2485 ETLLD0VAQPA80Q6O25FJ2U1MPL9IMBR6L876HO95EVVPF YOY3PA705OREC94N4RPQEH85 TJV5N1VU550KW3RYH6J6A B57I HR0G8P6UVWKJOP2TH10K622YBB8HPA4562YLAHKHB2E5A8BXF6UYHQO2MWL9I NXN9RL64Y 1KJVDVOCQI5JE3GUGBDX7MHJEYULXWX42LOYI21K536WE2YUIMMOCR3SFJ7OGB35U35M8KILTOROUTY1WQ REB5Y27KYK6BV7VW4XD91BUFH SA278RHREFV3XBOYMINEFNUXSQYK F2 Q2 ', 8, 6, 7, 'N7NCH9BA623AAOK', 'EXVX9OQ3QEG8RSY', 2, 2, '2000-3-27', 'CXuZIqN aYWS', 2, '08BX0B9V7FLVAOX', 'lq4dnJlCe7Dl7Bi')
insert into Roadmap (i_Roadmap, Stereotype, Name, Summary, isTemplate, isDefault, isItem, ExecutionState, ExecutionStage, [Owner], Submap, Retire_Date, Retire_Approach, Retire_Replacement, GeneralStatus, ExecutionStatus) values (4, 2, 'XOEMJGJ4MC619YCV16WGE30WSQ4OTJ', 'DLY6NFXVNFF0A TB13M1GCG  6I4YMGFO066A5QWB9K62XK96YU5OW49CE9FUSTKYGQXRJ5B2P4HQD4HAVWJKMKITBRRKSO5BQJR1VK4BW 7NL5D8J2N5VTY EVWWHQBCC871OMTUNVP10C 9D9 7E1AUX1RK1SW0N1PJT1CUM1B2HOS3L3 J4KVTXE66VT5PRVSAFPCXAGGT05VS8S7SDUGP8P28N W6JB VUPT4UQJ8 1TT286JLJFPGFE6DLHOQLUUS8FS9307 OQ2M0K9PFMH M4BC3TQPL1L8N9TCIEHYL9WBAWBQGH0Y28V12BFST6IEI2FNI7T2JMY7YX12QYRC5S1CCW3XHWSSH 7IDYQRAHE8J9LFJGKVXUSCS1LYGYL8DS91 ASTW4P37M4O91N15I5FIS5G81 U8P04URCAHAU8SSK4G7O65XY9QNDRYXXX6LAH62RFEB3YSJW7W2QB 7XTVPA1GF95JPEKUU7V3098COWRG59CCLTB', 9, 8, 6, 'QRFB8B5MCUCF60R', 'WNBATF1NKUJKASR', 8, 8, '2000-2-20', 'RkehwLVbVkXd', 9, '08BX0B9V7FLVAOX', '8TAxbLQxI8UEryW')
insert into Roadmap (i_Roadmap, Stereotype, Name, Summary, isTemplate, isDefault, isItem, ExecutionState, ExecutionStage, [Owner], Submap, Retire_Date, Retire_Approach, Retire_Replacement, GeneralStatus, ExecutionStatus) values (5, 9, 'XOEMJGJ4MC619YCV16WGE30WSQ4OTJ', 'GKE87BSHQ 0MDUTH6RFX90BU5M4VJA497DH0CI72FR5NXRNFGG6M GRS74MBKKEGYRTWNV1GD CIBDM4WIOWT8YUEV4P 0RY24KBUEI3GQ1ILAJXNA19W3XJLKH 78RNBR7S XW3SQ8 BXN6IDKJDKSFO3MS9TA50NBAREUH0NOOFCOA7MBPG5CAK26I9MV71DAUEGPCAEUGH25TBM0TDKKFJQFJ7W45OD8G1Y173PUA XSVUK2W5VMQC9AB14TVNRV7N2K7D3E3A3H06LJ1SDSJ3HCCK0YP0JJ87A5 ES VOY9F5I4E5PIRA4W3JOMKAFBNIDTPYWNNB7BTXX631PDVWKS3LF2XEYVMCAR3574HCS C4BRC5J5S83MY9URRMEKDBDBDIDSGQYSTRTJC2OS13PL81U9LQVF407 B1TPNE9DFAFTCCUBOK6LL8LBFU824WND71OL95IJ2JVLMC2 8834O5JSUG4UOAUCVBXRFPSA0QPJHEK6S2TE6', 5, 2, 0, 'KKYJLB53I6FPVFO', 'WKIFKMU74358JJ2', 1, 3, '2000-4-28', 'RkehwLVbVkXd', 8, 'BEELB541KDAGRG ', '2m ht RnG lAYqB')
insert into Roadmap (i_Roadmap, Stereotype, Name, Summary, isTemplate, isDefault, isItem, ExecutionState, ExecutionStage, [Owner], Submap, Retire_Date, Retire_Approach, Retire_Replacement, GeneralStatus, ExecutionStatus) values (1, 7, 'XOEMJGJ4MC619YCV16WGE30WSQ4OTJ', 'YFRYKXQ4I8UP0BAEPGP5I8Y9RYF0GG8UP8FFHWCSQJYKPESDN64VXKRDK3G25Y5EEB5CY0Y31Q0VDFLM0XY4GLM6T32LC0BMX7FH61KGF3EMFJPH3VSDXYS3GEBUL3HD3RY1OIPAR6Q8MLR97JELN26NDNDJYH6GL5JQGSO3VSRS682BFPOBA7EBBVI0T6IS0S7XWYDEH3CTOWJ2WEPMWCOLYA91Y189XD2ERXEQ7GLD6STXI0O109W2TG8 LNSTPVGI9DXOJLO32X4D75 QHIMBF78PDFBFPKR5 QUUYF0462GVRQ6DMH3 5M6MBIH44 OQX9QVQ623RRBXTWX26A4P927OUUSW5 W7I QE6FJ9EDY5 62L7T96 9JBT77VTNE1KPQ6EYAC60A2SAM69RO3E3NKG1I31D98AY7VGUBLJKUBM8RL9M78JT2YFO1PQUOCC5DBBGRTCQTJSER4INCCAWIJS6UWM 2GPF 9VGWCT 2FJA4MTU99H7XW0E', 0, 9, 2, 'QRFB8B5MCUCF60R', 'WKIFKMU74358JJ2', 7, 2, '2000-6-23', 'JFwyUjGbeiFf', 1, 'BEELB541KDAGRG ', 'uLo984asn1j7kto')
insert into Roadmap (i_Roadmap, Stereotype, Name, Summary, isTemplate, isDefault, isItem, ExecutionState, ExecutionStage, [Owner], Submap, Retire_Date, Retire_Approach, Retire_Replacement, GeneralStatus, ExecutionStatus) values (0, 5, 'XOEMJGJ4MC619YCV16WGE30WSQ4OTJ', 'LUE2 5VPJJUQ81OJ3NYUGG91PTUQA7  ORNK4KOO70XJDA G4027JJEU6V1VT2XD0WUBCCCTPLRD307IW7VSCA8MSCJ8VPKPBKDDOQLGJ5RYBO8B 35BXO2JA6UR U 0W2J3AFFKRNDD49C8HHOTL6QI4BAMRPO0ORJ4IPD153W SAAF694JOUCBDR4A23KAC0HDTB9H4HJCOS4TIA02T7JESJIJWBX548E1VMF9RVEEEDD3NIU8PD93QQJEC7HOYV7NHGIJRBJCL4YSAV056XXFAE76Q5DSGEPXK8NBIXUK7O76WER8C1C96OBIH235VCOX9TCB1V6V78UAJ2A6CEQ8QQR88DM737Q0UPH129A9TH00XYOYI8NQ0Q5JP195OLFQPUESXCT1BN9WG5YSE86YNW4VULR1V27 GQTOMCBS9JIF6R08MQOV0H6YP2BNI9F SGUJTJ8EAE5PTWO20I292RQSI FK5VD6OJ10U6Y 63XRPTMFKVIMH14OOH', 2, 0, 1, ' 4YINGQM3S4YGLN', 'WNBATF1NKUJKASR', 0, 2, '2000-7-15', 'CXuZIqN aYWS', 4, 'RI0HU4QPSM4B940', '6Lnkv0NMpbvxfEa')
go
set identity_insert Roadmap off
go

set identity_insert Technology on
go
insert into Technology (i_Technology, Classification, Name, Roadmap, isProduct, t_Tree, GeneralStatus, ArchitectureType, LifecycleStage, LifecycleState) values (9, 'QVX1MKJO6CHS27WTI3ODIA0HIA2TD8', 'VQ05O22TQ949C62JXRMS08IV94T6GE', 4, 6, 6, '08BX0B9V7FLVAOX', 'ATGtampccGGH', 'YdIXAbLETfuf', 'VisAGKiCLStN')
insert into Technology (i_Technology, Classification, Name, Roadmap, isProduct, t_Tree, GeneralStatus, ArchitectureType, LifecycleStage, LifecycleState) values (7, '5H6JWEIRLRV3NB7YLW1LJ6H9DO7D2O', 'UEUE E8254MUF31P2WWS0IIEOI6RE8', 3, 7, 1, 'SYUWJO6AK3CVJIX', 'WCnL uDxQCNJ', 'LaFMMxGgqVht', 'JAACDRFqmGEm')
insert into Technology (i_Technology, Classification, Name, Roadmap, isProduct, t_Tree, GeneralStatus, ArchitectureType, LifecycleStage, LifecycleState) values (1, 'SKBB92VK7UY0LV1WDV MT93ULBJ8M8', '41OW6XCMT1QH E4PUAPVBMU5FLAQW2', 9, 3, 0, 'W O955NXJG70UUG', 'MIi YWidjNvv', 'FRvFtnfmHLeI', 'VisAGKiCLStN')
insert into Technology (i_Technology, Classification, Name, Roadmap, isProduct, t_Tree, GeneralStatus, ArchitectureType, LifecycleStage, LifecycleState) values (2, 'QVX1MKJO6CHS27WTI3ODIA0HIA2TD8', '1FUWGL1QBWGYCW557CYR2AN626MJMM', 5, 8, 3, 'SYUWJO6AK3CVJIX', ' nvHCuDqwUeZ', 'BhbBdpK exty', 'HJnlDtrmPYkP')
insert into Technology (i_Technology, Classification, Name, Roadmap, isProduct, t_Tree, GeneralStatus, ArchitectureType, LifecycleStage, LifecycleState) values (5, 'QVX1MKJO6CHS27WTI3ODIA0HIA2TD8', 'S91DUB5SOBGUQ91QGEWNOIEMJUQLDQ', 5, 5, 9, 'W O955NXJG70UUG', 'ATGtampccGGH', 'BMeoAkeIoWup', 'JAACDRFqmGEm')
insert into Technology (i_Technology, Classification, Name, Roadmap, isProduct, t_Tree, GeneralStatus, ArchitectureType, LifecycleStage, LifecycleState) values (6, 'LPHQK8IEFQ59DVQH0KXVUKAJD35SAQ', 'G9 1NMM7873 DWIHAP 7E6L0GVDMYA', 7, 9, 8, 'BEELB541KDAGRG ', 'ElDDQJLKQYEp', 'GgaaSKRwNQWf', 'HJnlDtrmPYkP')
insert into Technology (i_Technology, Classification, Name, Roadmap, isProduct, t_Tree, GeneralStatus, ArchitectureType, LifecycleStage, LifecycleState) values (0, 'OIYCY4WK3 8URP9MNLXYXTWOBOGSSF', '6V11IQ2QVMS23IOE0E4WL7 FLVKED9', 7, 1, 2, 'BEELB541KDAGRG ', ' nvHCuDqwUeZ', 'YdIXAbLETfuf', 'RiTo UdEacFB')
insert into Technology (i_Technology, Classification, Name, Roadmap, isProduct, t_Tree, GeneralStatus, ArchitectureType, LifecycleStage, LifecycleState) values (4, 'PSVNNRCBHM1JMNS8M B320XR79YH1V', 'X3WR7R2AL4LUCV8I1MOW4XXQ PTYIX', 3, 2, 7, 'M9NF I8N25515EW', 'WCnL uDxQCNJ', 'BMeoAkeIoWup', 'RiTo UdEacFB')
insert into Technology (i_Technology, Classification, Name, Roadmap, isProduct, t_Tree, GeneralStatus, ArchitectureType, LifecycleStage, LifecycleState) values (3, 'OIYCY4WK3 8URP9MNLXYXTWOBOGSSF', 'G3SPMB9Q7FJ227 MW45Q71EOFQNBN7', 3, 4, 4, '08BX0B9V7FLVAOX', 'WCnL uDxQCNJ', 'LaFMMxGgqVht', 'JAACDRFqmGEm')
insert into Technology (i_Technology, Classification, Name, Roadmap, isProduct, t_Tree, GeneralStatus, ArchitectureType, LifecycleStage, LifecycleState) values (8, 'QVX1MKJO6CHS27WTI3ODIA0HIA2TD8', 'PND4RSOQ3J9E8TWADN67PTM KI9UEF', 8, 0, 5, 'RI0HU4QPSM4B940', 'ROSNdrrwOtVi', 'BhbBdpK exty', 'RpZBrtYtliyM')
go
set identity_insert Technology off
go

set identity_insert Environment on
go
insert into Environment (i_Environment, Stereotype, Name, Edition, [Version], Roadmap, GeneralStatus) values (8, 1, 'LG2QLAL34SLVHBDM7005I 00 5UJJC', 'PkqBDGN tErw', 'FospUymjSXkF', 8, 'W O955NXJG70UUG')
insert into Environment (i_Environment, Stereotype, Name, Edition, [Version], Roadmap, GeneralStatus) values (6, 4, 'LG2QLAL34SLVHBDM7005I 00 5UJJC', 'PkqBDGN tErw', 'FospUymjSXkF', 7, 'BEELB541KDAGRG ')
insert into Environment (i_Environment, Stereotype, Name, Edition, [Version], Roadmap, GeneralStatus) values (9, 6, 'LG2QLAL34SLVHBDM7005I 00 5UJJC', 'PkqBDGN tErw', 'FospUymjSXkF', 8, 'BEELB541KDAGRG ')
insert into Environment (i_Environment, Stereotype, Name, Edition, [Version], Roadmap, GeneralStatus) values (2, 2, 'LG2QLAL34SLVHBDM7005I 00 5UJJC', 'PkqBDGN tErw', 'FospUymjSXkF', 8, 'SSVAC8I6 RLLAVI')
insert into Environment (i_Environment, Stereotype, Name, Edition, [Version], Roadmap, GeneralStatus) values (3, 5, 'LG2QLAL34SLVHBDM7005I 00 5UJJC', 'PkqBDGN tErw', 'FospUymjSXkF', 6, 'M9NF I8N25515EW')
insert into Environment (i_Environment, Stereotype, Name, Edition, [Version], Roadmap, GeneralStatus) values (1, 9, 'LG2QLAL34SLVHBDM7005I 00 5UJJC', 'PkqBDGN tErw', 'FospUymjSXkF', 3, 'M9NF I8N25515EW')
insert into Environment (i_Environment, Stereotype, Name, Edition, [Version], Roadmap, GeneralStatus) values (4, 7, 'LG2QLAL34SLVHBDM7005I 00 5UJJC', 'PkqBDGN tErw', 'FospUymjSXkF', 1, '08BX0B9V7FLVAOX')
insert into Environment (i_Environment, Stereotype, Name, Edition, [Version], Roadmap, GeneralStatus) values (7, 0, 'LG2QLAL34SLVHBDM7005I 00 5UJJC', 'PkqBDGN tErw', 'FospUymjSXkF', 5, 'RI0HU4QPSM4B940')
insert into Environment (i_Environment, Stereotype, Name, Edition, [Version], Roadmap, GeneralStatus) values (0, 3, 'LG2QLAL34SLVHBDM7005I 00 5UJJC', 'PkqBDGN tErw', 'FospUymjSXkF', 3, 'PQ6RSW30UP1GSFI')
insert into Environment (i_Environment, Stereotype, Name, Edition, [Version], Roadmap, GeneralStatus) values (5, 8, 'LG2QLAL34SLVHBDM7005I 00 5UJJC', 'PkqBDGN tErw', 'FospUymjSXkF', 8, 'RI0HU4QPSM4B940')
go
set identity_insert Environment off
go

set identity_insert EnvironmentTechnology on
go
insert into EnvironmentTechnology (i_EnvironmentTechnology, Stereotype, Environment, Technology, Name, GeneralStatus) values (0, 0, 8, 9, 'MGGKM7L60NWFHFHMQYOM6H MRXSGBM', '08BX0B9V7FLVAOX')
insert into EnvironmentTechnology (i_EnvironmentTechnology, Stereotype, Environment, Technology, Name, GeneralStatus) values (2, 2, 8, 9, '8WJWJ5MQ533CCX9OFFG28142XY XW3', 'PQ6RSW30UP1GSFI')
insert into EnvironmentTechnology (i_EnvironmentTechnology, Stereotype, Environment, Technology, Name, GeneralStatus) values (7, 5, 8, 9, 'EX0604ID4T3OF4SGWMA4GIBOUX5XRU', 'BEELB541KDAGRG ')
insert into EnvironmentTechnology (i_EnvironmentTechnology, Stereotype, Environment, Technology, Name, GeneralStatus) values (3, 6, 8, 9, 'S1J2IKATHY2TOKKLUFDNE2 U8WLN9X', 'SYUWJO6AK3CVJIX')
insert into EnvironmentTechnology (i_EnvironmentTechnology, Stereotype, Environment, Technology, Name, GeneralStatus) values (4, 4, 8, 9, ' K75OX5PGY193QW7Q9 TRE17YAAHX2', 'SYUWJO6AK3CVJIX')
insert into EnvironmentTechnology (i_EnvironmentTechnology, Stereotype, Environment, Technology, Name, GeneralStatus) values (5, 9, 8, 9, '57EE2B0833YFJ32NUNH9K1DKEMJY0B', 'W O955NXJG70UUG')
insert into EnvironmentTechnology (i_EnvironmentTechnology, Stereotype, Environment, Technology, Name, GeneralStatus) values (9, 8, 8, 9, '3PUJ KG13YOY G01QH O H424M08PK', 'W O955NXJG70UUG')
insert into EnvironmentTechnology (i_EnvironmentTechnology, Stereotype, Environment, Technology, Name, GeneralStatus) values (6, 3, 8, 9, 'OW6BQ3HY0QXCHPL6EI TUWRK7N1RNY', 'W O955NXJG70UUG')
insert into EnvironmentTechnology (i_EnvironmentTechnology, Stereotype, Environment, Technology, Name, GeneralStatus) values (1, 1, 8, 9, 'SFMIJX J8V4HLGEWB2ENR3B WF3561', 'BEELB541KDAGRG ')
insert into EnvironmentTechnology (i_EnvironmentTechnology, Stereotype, Environment, Technology, Name, GeneralStatus) values (8, 7, 8, 9, 'D MAY2OF4O3 Y 6CN8B2H81PHT1ITO', 'W O955NXJG70UUG')
go
set identity_insert EnvironmentTechnology off
go

set identity_insert [Profile] on
go
insert into [Profile] (i_Profile, Stereotype, Technology, Name_Code, Name_Short, Name_Common, Name_Full, Info_Summary, Owner_Business, Owner_Technology, Owner_Funding, Contact_Technology, Contact_Business, Support_Application, Support_Platform, Support_Status, Support_Type, ServiceLevel_Availability, ServiceLevel_Support, ServiceLevel_Restore, ServiceLevel_Recovery, Spec_Technology, Spec_Cpu, Spec_Disk, Spec_Ram, Spec_OperatingSystem, Spec_FormFactor, Current_Status, Change_Manager, Change_Funding_Required, Change_Funding_Secured, Change_Funding_Spent, Change_Plan, Change_Stage, Change_State, Change_Status, Change_Timing_Start, Change_Timing_End, Change_Tickets, Profile_Baseline_Date, Profile_Baseline_Person, Profile_Baseline_Signoff, Profile_Plan, Profile_Stage, Profile_State, Profile_Status, Profile_Manager, Profile_IsCurrent, Profile_IsTarget, d_Create_Date, d_Create_Person, d_Update_Date, d_Update_Person, GeneralStatus) values (1, 6, 9, 'J4QGEU83', '6DDB 4Q2T187AP1', 'L6OU5GEM4DC3H2JM 02L3MVLA1XI2V', '3RPNG2MTE5SBNV5LIRG31075G1NEQ75NP9DKM8PBIODUIWCH49 TSKGFOW4J', 'GBDUL5RY1LC5K4F3WQUW1P984WSG36LWRQAEQ92X9OIJXX8F37CHUPG0LDEV3P10T71ADC4 IPILSF25E8A6T7T6AWJLXQBPJ7LUP14MMNNKU 8SOMNDBHVFCB08UMH5OSXD87WQ23DI 2H6IRF7 XMVQ2QFFY3 QO3 ORQM8C1GEA5MAQOTO3O248NLIG85 B5S4WG 6C4CLH3T78H8LP5V1MP370I2IQ6RTVI TN20BLOT7NYE7MNMQNV9XN2I4MARF5Q5SKE5NPU611747UE3AC69DJMPHCOKTBLDKYNGV50S83F5OL2DJHP5H1C9  HX4621DDDFMA7 14T5W6W03GH JN06U5YETKNU827ISQVGL7LOF4O DAON11WX 7AIMNC WWQ4J72DQX1662OMJOFYT1SB74UOJLR0 ENHBME73NF0ASPPK VL K0K0LV7US VTQNSV0Y 4C3H5A6D6999VSGCQVPC5TMYKRF37LC 0NFQIO 8Y4TF5 ', 4, 4, 6, 1, 0, 9, 1, 'Pv0cTcBLDNb9CH8', 'OrBuPPklslLY', 'Vakx KiNcFfc', 'JiDpjZNDgekH', 'URL Mn jpVaj', 'DpLmrvuuCnls', 2, 'XrTaouNvTKIT', 'CSsrBqxCiGAI', 'ZOurnCfNBAJD', 'UeQPFwtAZXcD', 'AkZJVWoeAlcA', 'SSVAC8I6 RLLAVI', 3, 0, 8, 3, 9, '01PIU9FHMOJXJOQ', '20R22V7YQBCOLH7', '2UTL262Q2VXH00W', '1999-12-31', '1999-12-31', 'AVDBCW374YSN0 MKHXUNB6BM5S7JLXNFO MG84GXYG8MTRWAG1V6YBB64PMNPOEEWFIXJSDCOC717U9XA1XHT3FBJ4I20H63MFHI5HB793GSY45DDWCOU1CCLM0FSN1J0OUO Q2G4LNATH9RP0CJXLXSYD52EKDVT9NI0VP7953QONNCQ3TG23DBXUNX6DSGBLOS68KO6F VEBJIJDIL8T7R8X2NH68S8MLVJ189XL87U ITNDXMHX439YRIR1WH KRV4EMJ33KS 6F055BYUH7FTMSGFV9CC6DH CW7TWGFQ9D N1SNFHR39212YG3BPID48TK5OA7I3ISPBV7FCSEHIS8LUKGJ12HT1LBDV1U443CFUU4MQ7Y91RQXOUNAQT99JH625880T50GEL0BTEN5SAUOYUAXS0 RY3HKOH KAM1BR414T0W385J C A3QEREI0TD9OITNG O7U6EXIG4GGMSFNRJK3ER0566 H1GLBJL64HCAI0TOKV3', '2000-6-18', 2, 6, 'GK6LIS E YLDT0N O2TJNC8YXMYKVU26IWASPXBB7VG9ICQ5042G5SSOB75L27', 'I4C GA83FW784P7', 'DM85SW1CY0MEP 2', 'PQ6RSW30UP1GSFI', 4, 8, 7, '2000-3-4', 8, '1999-12-31', 3, '08BX0B9V7FLVAOX')
insert into [Profile] (i_Profile, Stereotype, Technology, Name_Code, Name_Short, Name_Common, Name_Full, Info_Summary, Owner_Business, Owner_Technology, Owner_Funding, Contact_Technology, Contact_Business, Support_Application, Support_Platform, Support_Status, Support_Type, ServiceLevel_Availability, ServiceLevel_Support, ServiceLevel_Restore, ServiceLevel_Recovery, Spec_Technology, Spec_Cpu, Spec_Disk, Spec_Ram, Spec_OperatingSystem, Spec_FormFactor, Current_Status, Change_Manager, Change_Funding_Required, Change_Funding_Secured, Change_Funding_Spent, Change_Plan, Change_Stage, Change_State, Change_Status, Change_Timing_Start, Change_Timing_End, Change_Tickets, Profile_Baseline_Date, Profile_Baseline_Person, Profile_Baseline_Signoff, Profile_Plan, Profile_Stage, Profile_State, Profile_Status, Profile_Manager, Profile_IsCurrent, Profile_IsTarget, d_Create_Date, d_Create_Person, d_Update_Date, d_Update_Person, GeneralStatus) values (9, 7, 7, '5J K86NE', 'P45K01YNKRST6SV', 'RIYNR 7O A0B8MK6WXFB9L8SYKPXBA', '282WIMACPDG39WS7WDUEM67OLHAPFGLMILTBVXCEIEGIQ0OQWELUV3MAYD8Q', 'JOHXR69BU03 QEMPR RTQVC8H95XSJRL523EFTB6C95JEMOVV54UIWYDPTVNIYY7SCAJ45RFBA797H9SY1NA6PUO2Q XBX6KESFAB197J2IM1RIAPMOE83VXN652JL8LK2T7IATTA03PQ1UBGAB45R6 YRT M16DB9EK8HNRDXTB7TX11TH0IC4X2H6CY7C27VY829BP418WFJSRRFTBWDEYNT7C  E4FS4SK2MDGYSJDJOYJOSUV8 HRJQ 9671KB5FDAPSQPL 0147RKM83B2Y4V9R8GYHT59058X XQMME5 9FKDL9U94YH6YID4CXEA2J2X9IVMIM D3YFTT1YATYEKFMIHL3MYRBXO0GD2ERFNREEJE6Q9 E3CR871E3PRY6RFUAWANXDHH93WHE3JT4D74YS33A W3XKMG4HCABLUONL1XKXSMEKLEII94G7GEE33QIL2 4RYW4AV7G1YU4AR2JGE4 J7LD3WQL444JGCTV15EX163NMQBTO', 9, 4, 6, 5, 1, 0, 1, 'oCQw72YpPQgTDmj', 'LlhOcVWHRMXU', 'GwCqUrtYiVdN', 'KaXsOONoVUli', 'URL Mn jpVaj', 'TRFDwxfiimCo', 3, 'GtvJwOLcaJfQ', 'CSsrBqxCiGAI', 'MSaVNSZLNPdR', 'UKPDhtLmnaua', 'KFAkhZYtOdsy', 'W O955NXJG70UUG', 4, 8, 4, 8, 2, 'D947653FG6C4YW1', 'BB OFKUX2BB5NGU', 'GFBFXUTIDUDKGU3', '2000-5-27', '2000-1-31', '83WNL83G8OASDWNC082ML QUPMY51JDIEUS0QQRMXXXMF2OQLKPLQ9269 YUUJOY9 XI2XTCR10BNPD50KSIOWVJUC5O03IF5VFXJ3MRS9XSD4 27OBVBIHXJH7U8AOTM10EX6LT81NHOAUTDIPIAEEASGEX10 WJ5WHTS8FNYO5GT9M0T Q2G2IAFGXMN9E12V6H5 DWR00B2LNWHN6VAYB QM81EGXJP6U37CE2C7NPY9 4LRYO5ME6TRO50E RAO9HIW3LRB4V2PK0DWJAWNBDB7FJX3 N2PNEA7048 SRPBA778T94KJF1T5L7HAIH5L8FVKM5CI7SNXKLC3Y01FEY1VHNK4W7F39HI3C01IPV76B8F3IFPBO4Q04MEMLYGJHLTUSIBFM6JMX08XSXAEXUGEA62UQORSPOHXSGWB3M7R4V 3JNFQ4H5BH2MPOFC2H69GFW2L0RV0Y1GI6FYDGNED O735HPY8BWD1XK51R5OQRXK0RL7G37OU ', '2000-7-30', 7, 4, 'RD5X AMR2PNUVERAJQIT2SEJ1MTVXCEV4QRS 96SRAKEI1XU5NICQ5KBXC6LL7', '6HPC2YA04DG8GL2', '5YFOH1WU1C1P5WS', '08BX0B9V7FLVAOX', 8, 5, 3, '2000-3-28', 2, '2000-9-21', 2, 'M9NF I8N25515EW')
insert into [Profile] (i_Profile, Stereotype, Technology, Name_Code, Name_Short, Name_Common, Name_Full, Info_Summary, Owner_Business, Owner_Technology, Owner_Funding, Contact_Technology, Contact_Business, Support_Application, Support_Platform, Support_Status, Support_Type, ServiceLevel_Availability, ServiceLevel_Support, ServiceLevel_Restore, ServiceLevel_Recovery, Spec_Technology, Spec_Cpu, Spec_Disk, Spec_Ram, Spec_OperatingSystem, Spec_FormFactor, Current_Status, Change_Manager, Change_Funding_Required, Change_Funding_Secured, Change_Funding_Spent, Change_Plan, Change_Stage, Change_State, Change_Status, Change_Timing_Start, Change_Timing_End, Change_Tickets, Profile_Baseline_Date, Profile_Baseline_Person, Profile_Baseline_Signoff, Profile_Plan, Profile_Stage, Profile_State, Profile_Status, Profile_Manager, Profile_IsCurrent, Profile_IsTarget, d_Create_Date, d_Create_Person, d_Update_Date, d_Update_Person, GeneralStatus) values (5, 1, 3, 'LFV7EKQR', 'GMIUR2NQE02HUID', ' K2 Y95THEAOQO7R5UIQDUP ICB92G', 'SUTPELP779SFDK4OX5Y23HBVTH4CY7KWS5UVLXTIXG175LLBXAQULKH9EOSR', 'OVSHS6R7EN0CWNT4TBI4BCWK06Y2B 53IB91J9GY7T0WM9A7FF96NG9480HH3J9KNKEKNMFT8R8Y988YJAUA7U 2UP66G42U3UOS2OK4P6 XKK0MSAJWTA0P7GLVKJDL3L5YGIY42T0S3U0A3U3X35EAYPRNA83D7CCLEVK 3QNS6EMYONVMEJ6W  A0FA5MBTCP46GSU0RPW4BK0HPO 6FLF18WEIIQIXSOPFRIK OL6MJYVA 8QE89SOANJA607OTC CK1X1B0M5TUA7LQEBRRT0LXVQ4M393WMC05SU5WQLOVLH15JK6TH5WY9JGN50UX0ECIB35MQKOLEJ9REJN45GD7A484MHUGB6QSYSRUM7FGK RA47F6DGTNEHKX09BYK2FGFX2T6FKUBJLVI8SH0QJORELV5737G0PXQRL0 SQ 32C18Y0D85D0B5IO5AIHKPWI5OHGFEN2LO3QPCG6HONUUTJ DNFE6EBHA8BHL606UIHC50E0EDAPU0', 3, 1, 8, 4, 0, 8, 8, 'T5gbAQUH0v9r0w0', 'PSFLQq sfOAX', 'ZDQdJqdegKZW', ' eABwZJRcLqu', 'URL Mn jpVaj', 'TRFDwxfiimCo', 3, 'EDWKawpYFgvc', 'VDoeIhVPLrBO', 'MSaVNSZLNPdR', 'XTXCjEelbVSv', 'XvoxBrOorMPF', 'SYUWJO6AK3CVJIX', 9, 7, 9, 0, 5, '78O0V5K5R1Q8MCU', 'MYU0YFAWCI6B0L8', '9G4M32WQXHUX5SO', '2000-1-28', '2000-7-16', '0S27YI2U6IAWS7OHP 1JAY0T52WN7M P7FO4O6XBXP48JH4G91R0VT2EINVDJ5Y60MH01UHS1KQL90GVKW1XKQPXINOHTI9DPTAONO93CQMQUAFIEIB9TNDJ1J0B9D10JG65QFINSOJLR8OVIOB4MW503TQEKVACUSHL03AKCSK8 2K3S61PFA2RLS2D0GRD 1VDS6FM E0X0J8 3NRG9 RWJRH2C10OCC8XSKI7OPI2YRL0AO1XPKS4YVQHXXDLBNTXDJ DIT 7B7E8BQQVT1FVX6VQKVX0BY36DR VKRK29U4F45Y48RP6IO73OYKJV1SN6DH3XHQIFY12Q93Q3KJQU9C24P GHM EPU71QS8KYA7557UV4MHX4P56C2KMNE QF4OF6G2FK HGE47XGL0SS9CEMLYWF2AH7MF4KEIKHDM EDWH9 4UQ7LF3M0K7 SOVLQBB0J LXVQYVOP8UBNO25BTKGQF70TJ0CJ6VXM UB4O9N3OCDJN3KL', '2000-1-18', 5, 1, '2M6KPMAYS2OD8YAOYHGJFO6FAC4Y6APPRLMREE5SDYYXYVFVA35NOSSNT75ANP', 'FFEYXMXRI9 WW7T', 'T2NYBQJTF1DY55N', 'W O955NXJG70UUG', 1, 7, 9, '2000-1-15', 6, '2000-5-15', 4, 'BEELB541KDAGRG ')
insert into [Profile] (i_Profile, Stereotype, Technology, Name_Code, Name_Short, Name_Common, Name_Full, Info_Summary, Owner_Business, Owner_Technology, Owner_Funding, Contact_Technology, Contact_Business, Support_Application, Support_Platform, Support_Status, Support_Type, ServiceLevel_Availability, ServiceLevel_Support, ServiceLevel_Restore, ServiceLevel_Recovery, Spec_Technology, Spec_Cpu, Spec_Disk, Spec_Ram, Spec_OperatingSystem, Spec_FormFactor, Current_Status, Change_Manager, Change_Funding_Required, Change_Funding_Secured, Change_Funding_Spent, Change_Plan, Change_Stage, Change_State, Change_Status, Change_Timing_Start, Change_Timing_End, Change_Tickets, Profile_Baseline_Date, Profile_Baseline_Person, Profile_Baseline_Signoff, Profile_Plan, Profile_Stage, Profile_State, Profile_Status, Profile_Manager, Profile_IsCurrent, Profile_IsTarget, d_Create_Date, d_Create_Person, d_Update_Date, d_Update_Person, GeneralStatus) values (0, 0, 4, 'AB3HG 9K', 'F4U1ICO1IXGU2YQ', 'CQFD2BHLIINXUN JCKC VXMF3YR5QR', '9DD9IBYFGR2SJFXO6JVRUEJY XEFM02I OHJ39STWK3BKUGYGXN4TB2GID4H', 'VCFI90D2DW 3AWFLLA6 OJK9B 2KONM3T4CDXT3CFVC51VMS6A4KDKO2L3ONT A2OQ9TWMYGYASDU OLK0KYSX2YN9U95KPIREPK5QEED21YF9TGM3N0PN2908C3QKJRGAGK8TOP8W28224I87RNE2SU6SD32L6R5FKV6YQN1H3NL8DJAUN3O 4AOH99ANW49TEOLNF3CDOUB 7 REALXLPT4WPVY6N38CKELR9MQ2NM5X XL9WL0H2B2FO99 7MLR KSMLFUY4YI3X3SL3QCOEB6EEYTA59VRTTFXLDBAFWAWWXFLNSVKP152ENVRT8KYK26S4 VAAQ 7PHJAOO3 TANLI65EBGAUYAAQXG61LVL9TG8NMG 4BLE1SIXPKS0MJOEK0KMWNPJ8MI2D3NK46CLU I7GB61E8 VW5SUI8MYUWM1TIKOOSDMGN2RAY5O37CBIEI1NWFW 8PQCUCMR2WQSS1GH9WRCUXL9KGBBT10YVAOO6T2GUM6ITJ', 9, 8, 3, 6, 1, 4, 8, 'unylUQVTl91jBte', 'EvkmNCQGlgHa', 'XxAseAyaGkgf', ' eABwZJRcLqu', 'URL Mn jpVaj', 'TRFDwxfiimCo', 3, 'GtvJwOLcaJfQ', 'UJgZNgmcsnyn', 'KwgSnwYoJFmv', 'XTXCjEelbVSv', 'WgkYQRsBRaZC', 'SYUWJO6AK3CVJIX', 8, 4, 1, 1, 7, 'IIHGLBET54CV9I8', 'BELF36O8W2DCE94', 'TR3RKU1P9NJP96U', '2000-6-17', '2000-8-7', 'C WQMNIGT7K49UK8OG5WPG4V46JUXOX91 3OHCDI65QD2UR CSKQCNYQVL7R3CVN1HQN1I8CTH7F80FFKIS2B2LO1LQF SKL9YKOLI9PPHCFTM LNX4FI6W7IRJWQVO8DKEMOU6SL3KB14ETN2U36LE5YE04RLF6W31976633XC0G24WGKACS11RRENYR4KE30BCAE1NH76CY872QOUC4FDS7DY4OTEB H5GDF1TWVI LH6WVDV4ATG89KFCT3QRE9G34F0D8HYKSW4F49TOKGUNPUO4PNWXXR4QJQBJ592M8PO1HL5VMPOV5S8Y58SF 35NWQTV43GJV8XMPBCID3M9WLS98SSAP1K3Q4XECJQQ 2LCD X8YBUG25XBEGUY2YE7VLLIWQLD0TVUTUFOV81NMXDA8HFASXO1F3C2JLQNUDG74SHCUTHA75TAQ9KHENJJSQ49VLWLIPOV9CNLY8XDBN1C4DR85I4LMPHP9VT6E0ANUPLSGSO56VTDVK', '2000-4-30', 6, 9, 'W FRP7WIJM4RL3EPR8 Q4 LLXQ4W8XV HXE3TQ57 LT6155G6UM87OPIAIR7LA', 'FL3ENUTEV91F23T', 'M0H1H7 5KLNTIQI', 'W O955NXJG70UUG', 0, 2, 2, '2000-6-13', 3, '2000-3-8', 1, '08BX0B9V7FLVAOX')
insert into [Profile] (i_Profile, Stereotype, Technology, Name_Code, Name_Short, Name_Common, Name_Full, Info_Summary, Owner_Business, Owner_Technology, Owner_Funding, Contact_Technology, Contact_Business, Support_Application, Support_Platform, Support_Status, Support_Type, ServiceLevel_Availability, ServiceLevel_Support, ServiceLevel_Restore, ServiceLevel_Recovery, Spec_Technology, Spec_Cpu, Spec_Disk, Spec_Ram, Spec_OperatingSystem, Spec_FormFactor, Current_Status, Change_Manager, Change_Funding_Required, Change_Funding_Secured, Change_Funding_Spent, Change_Plan, Change_Stage, Change_State, Change_Status, Change_Timing_Start, Change_Timing_End, Change_Tickets, Profile_Baseline_Date, Profile_Baseline_Person, Profile_Baseline_Signoff, Profile_Plan, Profile_Stage, Profile_State, Profile_Status, Profile_Manager, Profile_IsCurrent, Profile_IsTarget, d_Create_Date, d_Create_Person, d_Update_Date, d_Update_Person, GeneralStatus) values (6, 3, 0, '576W1IL5', 'R7EOT9S7U5LF0TR', 'JIKB5AY39RK6OOLFAKQYIOYOQL7J15', 'INNUTBI2OR8NDBE0HE BCOH00RDIUYH42OG2YXWVGIFOTC5DXL37V4NUMEQG', 'A7YFGW0A9KLA0PMPPT1WON88IL04GCN03AVN7Q6DQLBIQ6I5761WSA798MHVBAPCG6QGPXAK62PLF96EGC7MDSR AM8ATD UQ2GJ QTLHFQV9LW09BU83F8UHB7OAU173QTMBJUOESDLQ0GU3PDUURCQG6G8D5VJHLS88YUDGVO LI69DS7HUDHXK904YS3DKT9TMO PW1O1V7VW4IQ2K3G519XA7JSLV46SKKU0SEHRWDXY9FIFSVNGSKCQL7MIPXKFIOK40M819H9WFUYBKT DK8D9UURX2BFW37T9631OU5BP4LOC67XTWY7L NWWT1TBCHV1OU4CU31PKB72AFG3220FCXA0LHTNG1FFQIONNAYMP65YQ41X6L2AI7O8SOJU HRXAHY40R3MF24CQ RG26LNA3EVKB5PRNOA4P95YQ0A8ITIQW66E4WVWG8PXSSXUJJTRTU2RMSJHOWNFXD3LGB7Q7KXK3O5L865H643 Y3SCG3SVB0IUR7VHH', 0, 2, 0, 9, 1, 6, 0, 'x4NRmGktqoBQOao', 'DmXPityofgkX', 'GwCqUrtYiVdN', 'YjhwRWDTUcsi', 'CCJK VTTUoMn', ' OjYVCqDkBZ ', 3, 'MEYYvHVBcjSM', 'GMfrqfUGnJsm', 'ZSJBPFZiSFGh', 'UuNvVHquDBxZ', 'WgkYQRsBRaZC', 'BEELB541KDAGRG ', 6, 3, 6, 9, 6, 'GSG5R2JP6GD6MYS', '0EA 8PHAYMNX4QY', 'Y74YP7HJR3QNRXE', '2000-5-12', '2000-5-8', '2L4JJXWFIGTAB96INVER 5 0LFV0X6TQ407F18UGT IB6MQQL540KREG0B5V8G V0C1IT3YHJ201BYAAJL1M1NUYVDOWLWQ7EX T4 1CB0TALTCYDN0F6TREKKS6X0Q3HEAX9A64CH7IWQONL8KWT1WY28NJ59V10UW8JBPXDI7S83CG5M46R47TV67C9 BP6SLNAAB4NLOVK6OMKJT2VO0E K6Q8FLXS4XSX9V7YL86V79KW2J02AUA0Y2F3SFO657 UBMRNT8S8C1TQP249FJ70D6TX3V26LJ5HB0OJYVFPJ546FV6EG9 L6J SD7F5LTVB4UT124GFR3BVH8KHODQW61LTG361MPEUH4D1PPXIVKG O6DJ9LKNL9156EX8NMMM07J0R4J4JNP73LDMAWW12NB079FQ0U479PSWJPMGHLESA2VSSH6SJD4L54M1HD46OHP9SJ6R801I70 6NX26IFT4IQK65YG7MQ04MFWA9RAN8LEYP1F1RJCXP', '2000-5-30', 9, 3, 'CJHRLCBAP CQC1G9IKHI1J9DBLBSE5LFHY17X04CAVKD N7N96PB72C6E4DPUF', 'OXQ35GN4Y6NLPTT', 'RI0 VTS8YFU968J', 'PQ6RSW30UP1GSFI', 9, 9, 8, '1999-12-31', 1, '2000-2-5', 7, 'SYUWJO6AK3CVJIX')
insert into [Profile] (i_Profile, Stereotype, Technology, Name_Code, Name_Short, Name_Common, Name_Full, Info_Summary, Owner_Business, Owner_Technology, Owner_Funding, Contact_Technology, Contact_Business, Support_Application, Support_Platform, Support_Status, Support_Type, ServiceLevel_Availability, ServiceLevel_Support, ServiceLevel_Restore, ServiceLevel_Recovery, Spec_Technology, Spec_Cpu, Spec_Disk, Spec_Ram, Spec_OperatingSystem, Spec_FormFactor, Current_Status, Change_Manager, Change_Funding_Required, Change_Funding_Secured, Change_Funding_Spent, Change_Plan, Change_Stage, Change_State, Change_Status, Change_Timing_Start, Change_Timing_End, Change_Tickets, Profile_Baseline_Date, Profile_Baseline_Person, Profile_Baseline_Signoff, Profile_Plan, Profile_Stage, Profile_State, Profile_Status, Profile_Manager, Profile_IsCurrent, Profile_IsTarget, d_Create_Date, d_Create_Person, d_Update_Date, d_Update_Person, GeneralStatus) values (2, 4, 2, 'WI2KBO5B', 'UKLKRFLHFPSOT', 'FG LMG5HK6QN3UR74PY7JUC5BN2ISO', '8A2QG3RO6JTNN3TTREEPGXP6JX8LVRRRF9CEPU4DQJ8QH2468LWTOPY D93Y', 'LIQLVO0FBOVCNX9NU8MPE1KAEIP5O02U0SN1SSLL4XV2KMN6OL1CH76X52KWP8MUKP509Q1426H1K0EF4Y31Q4 L4WCPC1V450EB3HO9O8K MA4PIJKONH6UVSYXWVVTMAR IELWET7RB2AY7BHC9CRYXEO06IFOV1 4EARMTIUHPC2RPC7868KST92LI766WQ223CSNIW4BEJIEFGCQJ14X4XXHSKGEMN78G54V2C0OJIDTUFUEY1SJIQCLFMG32109WQ2T58S2TF7KIYUXM OJMYQ3CS4NA1AWEGLOESW5F0BWYNU49XPF4TR60X65BQ53F7HBI68S37WOS L03FKCREBBGA5A90 WY4D79FSY4JSGLD3QXER78QP06HCFASGKLWLJDI0U9UPF15PM16HFDPD28MSNISIHCKA4NAIPUD4HSI 5AHT6X64B95DL5QE7UJEGXJ82SS83KLSX0IJATU0UDXQMF5MG8OLM1YCHE63G3FBR5RA6UBFT78', 9, 3, 8, 2, 6, 6, 6, '7X1VARgvBFb3MJk', 'RtRZQAsXqOmd', 'QkstCXBcsKha', 'JiDpjZNDgekH', 'PmsisdnRLCue', 'BxJKIBQuODde', 6, 'XrTaouNvTKIT', 'KpN mYhbkHwp', 'ZSJBPFZiSFGh', 'UKPDhtLmnaua', 'KFAkhZYtOdsy', 'BEELB541KDAGRG ', 5, 1, 0, 2, 8, 'HVI IQD2CGNNAKW', '9B291OX5UC34WSL', 'Y74YP7HJR3QNRXE', '2000-4-5', '2000-5-25', '3IPN8PXEWK0K33DW X13TG8NW6PKADA2HSQVI114PH2KWQAH4X1 E6A4VG0KX7JSH W8Y99W7WX03GE4WFKGU9BNMKESLT12YSBIGXDQN8RLNJ3Y9O0II LO3YRQ5S8V 1PVQ54HM 8IBWTXI5CIGCGJH6L79FJ71RAX9RBY0ULBN70 7D1AK 7HB0VIDMFVS4SMA7VUXLL 0N5W644 H87ODD4BP DO7GIFVNMST8JWI6QFJB49M U6PBEQ8RX8J7A4UTHACY8T0CB4O 548VKYN1A7STN5C0FXR7DQJ02 6DHKACTYA6UWTYXNXQ3WFPTF2UBINVU J5U5CR8LKT5R5LXCYPXUX6VPXIAT752S88071S3ANB08TNI11MTA6LI68MCT1LMTDSO0X2LNT YXAXDT3YDEU69NR8JJ951WPOJOUHHR9NLCBGR7SXECWC1E01YX9W99SEBBT 00UWIVXFF5LDK2KNG3AGRVQ2WJ23ST8Q B9WEUF3PYRR', '2000-2-6', 0, 2, '7LS13QCEGL6FGH37XNLQP034QAGTM3XQP7BYDFWTRU3HHO3TKPD421QV34JS C', 'ENEIXFWI00OU1VP', '3U9X65 Y4CTEYQ8', 'M9NF I8N25515EW', 2, 1, 5, '2000-7-19', 0, '2000-4-3', 6, 'RI0HU4QPSM4B940')
insert into [Profile] (i_Profile, Stereotype, Technology, Name_Code, Name_Short, Name_Common, Name_Full, Info_Summary, Owner_Business, Owner_Technology, Owner_Funding, Contact_Technology, Contact_Business, Support_Application, Support_Platform, Support_Status, Support_Type, ServiceLevel_Availability, ServiceLevel_Support, ServiceLevel_Restore, ServiceLevel_Recovery, Spec_Technology, Spec_Cpu, Spec_Disk, Spec_Ram, Spec_OperatingSystem, Spec_FormFactor, Current_Status, Change_Manager, Change_Funding_Required, Change_Funding_Secured, Change_Funding_Spent, Change_Plan, Change_Stage, Change_State, Change_Status, Change_Timing_Start, Change_Timing_End, Change_Tickets, Profile_Baseline_Date, Profile_Baseline_Person, Profile_Baseline_Signoff, Profile_Plan, Profile_Stage, Profile_State, Profile_Status, Profile_Manager, Profile_IsCurrent, Profile_IsTarget, d_Create_Date, d_Create_Person, d_Update_Date, d_Update_Person, GeneralStatus) values (7, 8, 5, ' YDYAL6E', 'JDCKX XQ935B8B2', 'PJ792Y4GQA5Y5QUEE8GJ2FVYTT1VS ', '2CB4QAGS1OBXFSW39TDXRJA9B8AHYOW7GIJA 3C9LDGCMIDFANUHI6U71OHR', '9PLJ 158EGW3ERO0JE5X L38E Y7 KYS6JXBK1TU2DFH4U174DJYIHU83H2WKNDMGFQRQKYMOHJIKSH08K2AWPVL824QFQO9VBE130T10J9G4VI6 QNJEO7FLV61 LMMXTACLU7XPYKKCG7RDD5ANXEDNM7X19L0 9TMFOEL5SJX653A2IH0E8JEQOBGMTE44IFT3CBRIS8LRMBPK0N2UF8WU5KN0LE298KQCRAHSCQGKRIA67LRCKNOVP2DV1IF1NR6839AOF8ECKUTX8D9MTHXFP0D0Q73WNKP2KO2PTU4492DNS0OMKW9X7JFOGEE3SIXHMI65SSA66CK 9L L9PQKVW283N4MB78CT9A5EBH4SHACQ933L3QB1CTHRXE93B2UXYKJAO3UQRXVV5UWDY3XO44DOVRMMGMFT7JXS5KFV08K1EY4LK3XGK977I814B3TK34SU25C4ME69904CTBMN0HKVH5NFOK1C9PB4T0ALHY77 LLX4V59TXAF', 3, 8, 1, 3, 1, 5, 6, 'unylUQVTl91jBte', 'PSFLQq sfOAX', 'ShKewGAAMsXg', 'ZndGlDQKNXqM', 'GxKIgSwEcyKi', 'KBu hcmMhHYX', 4, 'XrTaouNvTKIT', 'YVTYKXPokoWO', 'KwgSnwYoJFmv', 'NdJWkRScfnID', 'JPdZvbWACGdi', 'W O955NXJG70UUG', 4, 6, 7, 7, 3, '08CWHVSX Q55JC3', 'OQS156TL5P9KRE8', 'TR3RKU1P9NJP96U', '2000-4-27', '2000-3-28', 'PICVIRNG23M1 QLNQ3Q2QWYIWGFYFCC8MI0VUVXR4B4E3BDG0W9F4G6AQVRNYI5M4RNOKBTQ33STF42PFX1FI1 DM2NY6YSD3WMIBCOBAXE6MF56VRJUV56KC1GSJOMLHHJOBNR7Y61GUUXABWJMMMBEQKYA01S25YAR9C OG53WUHF5OQ2USTS LG4N2R974N4DFW5R215RWTHIXJIQTFQ4SC8CR3R3DUICK8T08 5KSPQT4LFQUI397TVVLJRIXO5O0N9QC0A TFJ48YRCDLLITAU0P5LTU95HMVMVU 3RUO24ENOCKMQMI6BMPAA17JS1Q R17SAVALB7PNMK1XR1CROQQROY6EOUAJDFY4WG0M GBRD0Y6QTA7MIGSGVVMPGPHW KNBQHPMICQWX1KJQFM2C4YYVHX0NY5J8OW35O6HR18KLJMQ3U CPFBFK8X3DKACFUB5B4PP6LRWI6BR1M9X9P9SBD3LMJ03GPANWUH4GAUSDBYS6X7MTPN', '2000-7-13', 8, 0, 'LLPTLBD LEU3FE18CIAHUL7G5HB89J6MRI 5O2DUG8OG W73B7LTXWAYGYKCOY', '7G5XVF7VDNYFT1B', 'A4B M49R6E3TD8S', 'BEELB541KDAGRG ', 6, 0, 6, '2000-8-7', 5, '2000-6-12', 9, '08BX0B9V7FLVAOX')
insert into [Profile] (i_Profile, Stereotype, Technology, Name_Code, Name_Short, Name_Common, Name_Full, Info_Summary, Owner_Business, Owner_Technology, Owner_Funding, Contact_Technology, Contact_Business, Support_Application, Support_Platform, Support_Status, Support_Type, ServiceLevel_Availability, ServiceLevel_Support, ServiceLevel_Restore, ServiceLevel_Recovery, Spec_Technology, Spec_Cpu, Spec_Disk, Spec_Ram, Spec_OperatingSystem, Spec_FormFactor, Current_Status, Change_Manager, Change_Funding_Required, Change_Funding_Secured, Change_Funding_Spent, Change_Plan, Change_Stage, Change_State, Change_Status, Change_Timing_Start, Change_Timing_End, Change_Tickets, Profile_Baseline_Date, Profile_Baseline_Person, Profile_Baseline_Signoff, Profile_Plan, Profile_Stage, Profile_State, Profile_Status, Profile_Manager, Profile_IsCurrent, Profile_IsTarget, d_Create_Date, d_Create_Person, d_Update_Date, d_Update_Person, GeneralStatus) values (8, 2, 4, 'GEY8TTBN', 'WO38G3DYFAGGY69', 'FUQC2AC45X9SK7SE0RA05L2TGG1 TB', 'E22BEIUAJUTUKIWQ5DXYWS4D1WRIJ4J0BTR 7JY7A4C78OADFEPPHE0BJGXO', ' AC080EIU1HWQ89MYWY7S3ERD6CVEMIPNUV2TCGML924ATJK2NJ70VUH24WR7JNOQEOE7C2BOXMDWON2AYTV 7DS7 8VOGEK0Y1GAQEFW1GW2LHUL1GJ27RN9EKSC7RNPW CX3T JYQO993TKHV2N 43CGWPOGXGN2CW0X32DHA73DW1AC956GQC0O1LBPHK8NPIIP60USUQ3DMPC0N03JASEXJXRH9T99IADQB9RIT5VP56WATKV0MY4IR P6B37 UYN83GJLH 2RR0MGAF2JYJF6SLS22KY6QYCDBB6ITFDP0VQ4FS7QSDYYK9OC6H0QVCI63S41NBHRMMXBCJV2TG GS733J8DWRTAMT DEK73XR7IIY9P 2YAJX9SCGEJAORRJ53I8W7 6RT9KY4BSW76K7VJ0DQM R64P2IJLU6 E9RHPR FOWNHAP86X426GTTKSST4V9JVC6H3NNDPSWXKT73HSQHDKHYBDTPD XHJPRLGFMGW63TCQA E8', 3, 9, 5, 0, 9, 1, 8, 'nB8MiKLVcOWkstg', 'DmXPityofgkX', 'XxAseAyaGkgf', 'KaXsOONoVUli', 'CCJK VTTUoMn', 'BxJKIBQuODde', 0, 'ECAwQQYUVgqa', 'YVTYKXPokoWO', 'ZOurnCfNBAJD', 'UuNvVHquDBxZ', 'HgXHTJpnMlpd', '08BX0B9V7FLVAOX', 1, 9, 3, 4, 0, '77MI5S RSFSSO5R', 'N30UWAC6EY0YON6', '2UTL262Q2VXH00W', '2000-7-11', '2000-6-17', 'U46ULPGXCSY31VE0DWGTEYQBSYYKKDSQ3MXIDYE0HN8U28X7WHCX57SLIBVY40T4V40CGY KLVAOQ61HWTDEQAECHYYWW27VAKSFQCEFN WKB4VID8XB6F K 8GUWYWG6LMUB1BRB3TDGJ6J1MDNP3HL42O5A9BQ8G0IN0Y630VWX352IM8BWUEAR5Y1LQGYV4DADF3M78WVYNK43IX3MGQTKRNPLBVTC47XINYJQWTWW6O0W4 PXT1S T65C1MENP34B3EQIQHHGUDLT3 S9 E66 XE7497JTIEAGRF37V2OXX0INGUA5FH6HEBR X3LY4AAHX7WF XRVAWHM1B P8GS92NY39E7CI4E5A533RDAAU8XLCJK6KDIVF5Y7GTFUD80JSMMNAH2YKFVQ2RJ9JUPK2C848G80BRSXWJ75MB8TVB4WW3RRYXH8KRJVST904VNPL3DAVU4XT49LKMAO12SEITXLYV1MIIUHGYEG4XHJYGN TBH6M49AKSNM', '2000-3-9', 4, 5, 'QNCVP49LG1MAM842VUHPALY39YP8ABGFUVEWAPFRH97FAVSFOQCRC VOWG2597', 'ERIKG1CQA3IC7FI', 'PIOYE1P3QE5GD8 ', 'M9NF I8N25515EW', 9, 3, 0, '2000-2-13', 9, '2000-8-11', 8, 'W O955NXJG70UUG')
insert into [Profile] (i_Profile, Stereotype, Technology, Name_Code, Name_Short, Name_Common, Name_Full, Info_Summary, Owner_Business, Owner_Technology, Owner_Funding, Contact_Technology, Contact_Business, Support_Application, Support_Platform, Support_Status, Support_Type, ServiceLevel_Availability, ServiceLevel_Support, ServiceLevel_Restore, ServiceLevel_Recovery, Spec_Technology, Spec_Cpu, Spec_Disk, Spec_Ram, Spec_OperatingSystem, Spec_FormFactor, Current_Status, Change_Manager, Change_Funding_Required, Change_Funding_Secured, Change_Funding_Spent, Change_Plan, Change_Stage, Change_State, Change_Status, Change_Timing_Start, Change_Timing_End, Change_Tickets, Profile_Baseline_Date, Profile_Baseline_Person, Profile_Baseline_Signoff, Profile_Plan, Profile_Stage, Profile_State, Profile_Status, Profile_Manager, Profile_IsCurrent, Profile_IsTarget, d_Create_Date, d_Create_Person, d_Update_Date, d_Update_Person, GeneralStatus) values (4, 5, 9, '4VYKALTL', 'QTVN5 95WI9 MM ', 'HC98RTR7RKBF8 USGVBQQTUE5LV9R1', 'L9GMFEBFSIJ5L5K5NNEN6CFYYY48PRSHI37TWKXIATFP8WTQADUHG1Q40GS2', 'L7TL6LLYY0Y49RU2HWHKJ1SQW98YDYSTBIQ84GQWBS2 KUQX4ANXXN6C2C6WMUL T TJ9R0J77GMWS5OQWXS7DVQJCPAX0R2A8C2DJS1AKBI2D1LMYUUI1RKMNUB2KCC743O0EGIGEIIP1HYGVF9R3REWT3LH9BYCLDOIMF0 ACY7TGT25AHONRP7LM2JHR0PT0SX55FA3MHQF38PKIGRGQVNU 47ASGN3E56J2L5QS88AG4SYQIAXO6NLCMFEH6QTGAX2P9MCQPGFPB2D5DB6LSV2FPR50 VML3MML216WRYH LJYG6OWJTAJD1MLJK8ATYISBI NASYWJJK3WH0IMA6L L9DCH9OLLKSG4DCDGLLKRO877O0X12THUKULBNX 6LGN7D07XQACPS2QPW6LYQ3QLD0NEF8J97CK1FJDP095Q0D9SNAUPAC135IR4VYBSPMVSA YRTJB4S46KMEUX4P9 8M9OKO0686AKXILFEO72TFDNE6U6VGTBQC', 9, 0, 8, 2, 3, 6, 6, 'T5gbAQUH0v9r0w0', 'DmXPityofgkX', 'XuXlGrsxavYF', ' eABwZJRcLqu', 'URL Mn jpVaj', 'TRFDwxfiimCo', 9, 'SFgbVeTMAtXC', 'YVTYKXPokoWO', 'KwgSnwYoJFmv', 'XTXCjEelbVSv', 'JPdZvbWACGdi', 'BEELB541KDAGRG ', 3, 2, 5, 5, 1, '0O1JT3A BODASMJ', 'IFIFBQ2K96YOX5A', '4VCF5PV82PQ8GEC', '2000-2-27', '2000-2-18', '0XRFANV J6DPKB71BCFVH1 K0CDQEYDERPIH82J2E94OFPJYJ8IRCJRA2ED9QEWLNE2O7JWS61BRVN00Q0NRBJ  7DA2B5FYII2E1MBCKSCW6NE3KW9O8K5FBRXXV5EFT0USPXD3P7FSN2T68JOY162JVFWD9AI3H9LM2V2IDDJQL9KGH1XNNQQEVNJHA8S9128C5SIBRSGPCCC9KVTK4JIAS604TPH9IJH0XY8BODOAAI139V03ET1KP29PQ85QGBVDEKYHFEJTVQUJWCUBJO7T7V C BOCYDNTOMRXVM67HYAHB0JYN45REHOSIB50L3XEU6X E5G0M 3TXX0DT5D8W8MHBH QKAIU 122VH1JSJBNMM1M5JL9WUWHF2VPJ51I922TRLENIBAAU 4EV1U23GBJV3RAPBXFWW3Y0SQXETM5LDK25BGYQMI1QMX URC926LE5U2L I7SDHFL8WYFKAV06IWF7 BC1EA88W6IYR7Y7FLNC995XTL6AM', '2000-3-30', 3, 8, 'SMNDWUD4VP1XBHIYDX3OG1573LO7PFI5CQYUWRYQU3J073IAWXD8C19QN5WITQ', 'SHIMKHTURRK V2M', 'RTITXDU828HK2 C', 'M9NF I8N25515EW', 6, 6, 4, '2000-5-28', 7, '2000-4-19', 5, '08BX0B9V7FLVAOX')
insert into [Profile] (i_Profile, Stereotype, Technology, Name_Code, Name_Short, Name_Common, Name_Full, Info_Summary, Owner_Business, Owner_Technology, Owner_Funding, Contact_Technology, Contact_Business, Support_Application, Support_Platform, Support_Status, Support_Type, ServiceLevel_Availability, ServiceLevel_Support, ServiceLevel_Restore, ServiceLevel_Recovery, Spec_Technology, Spec_Cpu, Spec_Disk, Spec_Ram, Spec_OperatingSystem, Spec_FormFactor, Current_Status, Change_Manager, Change_Funding_Required, Change_Funding_Secured, Change_Funding_Spent, Change_Plan, Change_Stage, Change_State, Change_Status, Change_Timing_Start, Change_Timing_End, Change_Tickets, Profile_Baseline_Date, Profile_Baseline_Person, Profile_Baseline_Signoff, Profile_Plan, Profile_Stage, Profile_State, Profile_Status, Profile_Manager, Profile_IsCurrent, Profile_IsTarget, d_Create_Date, d_Create_Person, d_Update_Date, d_Update_Person, GeneralStatus) values (3, 9, 6, 'LY98ANWX', 'HRQFP53 TT6HJ1V', '82XONA3GI12QHG0RHSL5VQHIMR6GFU', 'H6T6CS4T2TXFECJQYRFVP52 XWCWBXM6 ECS0 QBUM5YV1B59OURSKPFSLH ', 'K7D3Q5QGMBPJHGQ18M3L909Y4UG2MJI92QE17XWNMY4KA1KJRTW0S1APYC536I9N782JM37J3A388OHR9ISAGID1QUEBFJDGEI2QQMWMX RF3FTY8JK69N4BRK MW9387DDYTY2 YOI36LM26LEKS11FGJ04ORF94H9PQVGG4V2D9 VNNAOI2QA09RS CJ6EQD8LRLQEC FLQT6X7618R3VBL2YL0IV8LJ5FTQA MDT61SHOG4 YLA09EHCYVXCD35BC8XY8TRUKNR247NEL HY1CEHKBEM5GV5UKMDQ73UV21OQSJ8LD51 736G3553WUU205YX64YF3H O M71W5TKRNN6XCM9CHD917RR1X6HALQ0XVLCH1W916PN9USP1C9305 2IQ2M0JOPXH7ER0YCD1L6C3EAG6KLX2QMIWNXF3MMOPCG8YN0BN7J9ABWGVX9PL84B1KSFSEI32V55DOFRNWTR7C71GFYX4O5ETX3RQU2D47LIETLVUJM', 8, 0, 4, 4, 8, 4, 4, 'SebU9JYR5VxW9WP', 'EvkmNCQGlgHa', 'Vakx KiNcFfc', 'Er WNAebpDWm', 'QYiPfynQrRFM', 'HpHIrNIxaZ e', 0, 'SFgbVeTMAtXC', 'KpN mYhbkHwp', 'FKKcUHjIURAk', 'UuNvVHquDBxZ', 'KFAkhZYtOdsy', 'M9NF I8N25515EW', 3, 5, 2, 6, 4, 'D1E7U5P 5L3H0IL', 'IJ4V4V626JHFA17', 'WJ3ONUWIRF9REGQ', '2000-3-18', '2000-1-15', 'HHMQJN2Y6PRIO7YU2JPRPLTSIWLXMW9MR2EBLVI7K6UNWVNWJLXF7C Q3O UQ5B64CECRAOC 75OYCT0MBIR9K6ARKX4FNPT7K2V4UXICHTDS466N3NJVKSJIUWQ1ONY 7ADM6ORPUIX4CIB5F0WT88GK T3M9IXMTJOUJD1JBHXDVM5  UFN7  JI7X20K1N7T3AVH5J1GDU4FGCLW2PRIV881I088DU8O95RHXNEQOL8QTL9H82QBUR0WFXVV29 4AGGW 5T4ME HQG3DONRXKJWTN JW09PRNXTCWKXYGVTMNXF M42 I85HN6IT5GPP97FC6PK4RGT4W9P4NYH14T3Y7BO38RLMELIJ5PN1K8R O0JARDLQQIAYLYN8YC0OS8VL5XAMC8086 PDDEKRLUDPFEMTWOTLI036C0QCX4NYEB4VBT9SUM7VQTJELI0L5OC1VYE8JFD8BDURS86LKYSS 2VMEWSHKMFWPXVTUHK8SU4NF0IWO6A71UW', '1999-12-31', 1, 7, 'AIE9DPINA01X782XOQU6HLM9M401OENM8SO5C TGWMRM W4FSF8S9OX0D38FVI', '4HYY50LKBL5S0M1', '56YWTP31DIWSCXC', 'BEELB541KDAGRG ', 0, 4, 1, '2000-4-27', 4, '2000-7-7', 0, '08BX0B9V7FLVAOX')
go
set identity_insert [Profile] off
go

set identity_insert Organization on
go
insert into Organization (i_Organization, Classification, Name, Roadmap, Summary, OrganizationType, OrganizationLeader, TechnologyLeader, Applications_Date, Servers_Date, t_Tree, GeneralStatus) values (7, 'Q27NH4PRFYQOA5QP3AT084 MEQC3TB', 'O7GIS8CEBFVJ903G8F6O39Q9NIQKIU', 0, '2UC2Y2ICCFFNS8LWX2NL25HOILOBIMSJNF4GVFTQMTMOF0IGIW15JPV1A3ONCJ536FUBKXGTVCA JMB9A0X2AHF5 LMBMYI83R5WL2A9546CWWMT43I0I1SGIJD19CQMOVRAUFNA9Y5JLXK0MH1JR32RJ3QJI97CX FJGUGETC36YWR397Q6TIXCL0ODUJVVOWYKW74K5DXSN5FQ6VX9RALWYS121364H329VMM6GTJUJ7B2ETW5XMRFNGT 503CPQNBDDGYO4WOVQMKN1000TPFIT GHJ69KLKUN3IC2J3J54H3MYWE7T5AKPP2F X4P6DLR7H8 LYM718A60SYMTYWKTO5G0IF  ADU8V7SYI3N20L336CQ64F3TLIC9VAC8I1JMQAIJ29UBOKV1TG0YL79NW1S174U7IL04Y7B99KQAXG0KRHAO4A65CQW4M F4XAXY3BBWXNPY650BBM287D02YSEMYM61RFIRMNR687QMO9HU5BBY4T001J', 'PbXgbNrflyaR', 8, 7, '2000-7-21', '2000-2-1', 7, 'RI0HU4QPSM4B940')
insert into Organization (i_Organization, Classification, Name, Roadmap, Summary, OrganizationType, OrganizationLeader, TechnologyLeader, Applications_Date, Servers_Date, t_Tree, GeneralStatus) values (0, 'UX4FSVLDRI0RDTWJ0 RU9Y5L4K33T9', 'EJ565100RGKY3RXRB2  DBVJHLOTRU', 3, 'J3TF7 8JHJPVSNO6D2F 0L36IK0LCL6G3HLGKUV94PACPVXNLE857YCWQ7PEB888C4IDGFIE8460R80V08NCR6CEJDVJ7BCN3SHK1H9Y6 VK9176OH2QCETQ12W0D4YNROA1IMF1T P9KK348JL6PQT2UK E4TSE7BGH3DQXJ5S41WJFU744K6MT4O61UHS6UP9645339XYP32NX6MFSQLRGLJ6T04ACN8T5UCQ3H7VB53UMHEWX0S6OHQLE0MSK3P 1L54O580UOQTPIJV1AHYBJ7P0DT6J6BF3RS2SUOLX6TJIIGC8E9IC1CNJLEI6HNKBQ9MHKNLR6 AGBX5B9MKXUYCL7Y8K3QNAXL4YYNTA8SL8A6WOU14C98FES20VK0MATM7L2IS0YQ9MAT G3TF27QDTY4TH4998W4SYMLX6X6FJPXJD160O2IEDCHUYCQ6ONT1PQLBMUFF4IVJUP9PYTXJANDOXI2NVN9FP6LVWCOXM5JQX55NUXULDIY', 'AJYeENLkTJTB', 8, 5, '2000-8-17', '2000-6-20', 0, 'W O955NXJG70UUG')
insert into Organization (i_Organization, Classification, Name, Roadmap, Summary, OrganizationType, OrganizationLeader, TechnologyLeader, Applications_Date, Servers_Date, t_Tree, GeneralStatus) values (2, '39ESSJKB4X9FXO18AGUN406 EAC5LM', '5DME65YVE8 DVGV88DK7F6ADW892SG', 9, '28CAUPI OY559571XGN5LCHR7EEF67P94W2WNPSEVLF5084IL7IDGGTY1VSDLV A82IOQ36SAXC BNW GKT9CACJ4O4O085V010YLQBDJHQB9ICABF594J84OB2TCQ0SEAFDF5YBHUXCMN968VOAGKQC8IPKBKFQLF4 AGSM9SVM1ILAJ3 KRB2NK5Q9FFAA471B0JN7CA 2U863WEBT7IJFR8CIWUJYPLN74U9YGF737J 47BD4SEG06W9FUV33X 1IILJF1F3W ONJF 906KHJPF1AY2NODCWD9SXQJ97E51PU8A6W38JLJF4H41Y 1DNUD36W761RJC593CUEL0LR1OHJO587IKY1T03N65WD6P0WWWEF5S4R2XA6MEO0XWDQIUUV1LUA61L1 1OK7GVL 8IR4RRAVO5BHYTKYBP9NAJ5AAE39QXER3VDB172KLDWPHPYMI4MR7OT8M VV8KESGWNC 1JOTT8AJGC7SJDPI7TSBOHMIF02LW0', 'NnpOZrvyWphP', 8, 8, '2000-5-11', '2000-7-26', 5, 'SYUWJO6AK3CVJIX')
insert into Organization (i_Organization, Classification, Name, Roadmap, Summary, OrganizationType, OrganizationLeader, TechnologyLeader, Applications_Date, Servers_Date, t_Tree, GeneralStatus) values (4, 'RUDI52OU82YACGP8EFM LR0EH01QHJ', 'IG2812SKY3PQB2A 9NA3DK9Y66S0VQ', 8, 'F8K HW6N93CAI638NSK2G6G521EU49YERCDYPRS7S3VER3RIWKHM9C5RV6NN KWINSC3OSVN CVJRDC7P7YPSCBSO5MA62ENEXL68QEA0KGMW9B D39Q46BH662TVPVSA2J7OQ354CYT0E139F08V79N4B FOSJKPBYA EHXI92EHUKJQC0V874S9KOIR4D90TSOIPWXHQOS91UX7VFKUCJ2CSQKSU5UNKAT81E4C41MTUGJ2 M9 80A7S A1IFW2F2BM6V6EMOM4JV9UHC6CVTXPALH83INR7XWQBYD0GBOQTCQ 6KL9M03QW 5P J27N H233NLN1WOQU62PI0IDCL64UE7 DOYCN3RIINK77HJS5GLNQ2G9IT0E5L59QPLULYD 6LEYFTGVU57H2JYXUW5064EF12RJRG2BWFLPLF2A9HHKLEFFIKN8HNCGJA1SF4IR7PM4X KQKA48PPU5H8J7WW S9I4U3MWXGP2UVDNCM4RN2SM HYWYHUR9', 'AJYeENLkTJTB', 0, 8, '2000-4-12', '2000-9-30', 1, 'RI0HU4QPSM4B940')
insert into Organization (i_Organization, Classification, Name, Roadmap, Summary, OrganizationType, OrganizationLeader, TechnologyLeader, Applications_Date, Servers_Date, t_Tree, GeneralStatus) values (9, 'RUDI52OU82YACGP8EFM LR0EH01QHJ', ' VRX2PRFG3LMCLUNWNA9LN0N96UIFD', 2, '0NPUKS WR9IB6KKN455WM R5 GSGPJP1C7JTXM140YK VQ2IK611KXUBC3CK57BSNACRK9UFW V5A6IC6Q6YGBWILWR1U8QJ1RYJ32Q2X741 EPT1XFG11J8MK7J 7HQH37WGFKRA40RV 04WMKBF5VB0GWO3TR7NFWKU0QJ0W9C3RCSF7H3XTJ27J4WYW680I 2TK6VXDPR2M4SXU4E7FS6FH4NNI HWTCY21COM12TJPBGMADN5HAPML95KTV BFXKOI69G08AH8ELEY86YNB6LTVOB44834Q9089AL41S6MFC1YO94QMHTTBATYI3VBR8NMLVYRFY8GXC 1Q2EPKXOU00AWCV112LH7SJ9397FG1IKJHOTRY88VFS7TI8Q2PDQPX70VJWXGBAUL01O47IFF GCMDBYQTHT O6GI8D4IXHMUF1MA6AVT8PPFVLF3IRI367P2DRPUK9KOVHITCI1XP7OJE NUY T76EJA 6NRF934K3IINJ5B HUB', 'VPhNNnKYrYKM', 1, 5, '2000-3-7', '2000-3-31', 9, 'SYUWJO6AK3CVJIX')
insert into Organization (i_Organization, Classification, Name, Roadmap, Summary, OrganizationType, OrganizationLeader, TechnologyLeader, Applications_Date, Servers_Date, t_Tree, GeneralStatus) values (5, '6UEE39G8XW9YI2Y458VJ8E WAEY855', '2Q3TFTRE5KBQ32ORWB9WPXQK13S0VT', 3, ' SYCDS1MVCMK7N7RAIDVPE18M276M13E4REL PSW1YBY41VJEFE8JYV49A1F96LIU0U927VM LU4U6HWKUW6C6 D5Q7LL6SJQ3YMVNINJ15HMS5S4 EEFENCEE1T98FIVX5PRC2X2F  LI8CYI975SHMMMOY1FJNXUM42FBKGDVC1UDUGHJIVJBWY72JOPDC0ND5817V3U4V89IRJB4X N904BVPX0K2WG5RL30807TKG2VNOXOSX3QYBKM9M3XIQUJJOKA9M9U11J AVKN 6QHXAXIOMOMICTUPX8VO 8TLDTKKMV9289E8CTM2TC21 P68USWFMO77TYQK1 ICLFTDA2S73OY9HCGN0URJMO8FT SIND5NVQ7YGULJE1AG6VB6Y 48LLULUPDRLWSKMPGSPSF6PRB2 X9QCKXVP9VKEXFVJWRBGPLSIXGU03LRAIHURYG LXUYYD2IN37R2024QPMYD7Y8101OWE79H73 2KTIMK0E3TI WYOKV3', 'FrmRQaAXGBQa', 2, 0, '2000-6-14', '2000-9-1', 3, 'SYUWJO6AK3CVJIX')
insert into Organization (i_Organization, Classification, Name, Roadmap, Summary, OrganizationType, OrganizationLeader, TechnologyLeader, Applications_Date, Servers_Date, t_Tree, GeneralStatus) values (3, 'NP WB2UIX AX1BWLK662X8JU N7B1I', 'SQTCGJ7CNVXPYV833FJO489C8OQ3', 5, '6UDA8PRPQ1HVY9UKTL18UCDHNQ5LV4MRBKX8KCIMJ2NWFO L3H6YVK9ATQ86UOH2712WW522UH0876P220GHWM3XO5MF6PXIXEM5001GIYRMJCNGNKPKU P1GI HTVC89FGP1YKQ5V4KXVYLLDRXX9HP8X2DUWMSULE697A468BL6L9RB4J3N9EFS9M2QR6500E4C3ECTMN2CJRL5CXLSVU3P0ID8J0OXHDY76NG1FGBTW8533WTD8UYCAI1AHL3KDA3118YLL2J7 VX14G3QJWRWWJR71YNMU4QALYS1PVTGBITJVJLI82M9BF1JQMVMKX1RQ57P3A6SHG20D9FMTX 6L5E4AQRT R4GNNYOOQKMCJENDOO62LU3JM74LVPA4QYQMT6T1PSSS6VD9V8PTPGCKWQWO6JWPWE54LCUFPKA A1X20YX3FMYQX55QDG82H8LODF7Q9LH6BRVH9JU3GERSTKU3N1RAM6846R2KXDYS7EGUTOS52EE4M 9A', 'OwNBf wNyqmi', 8, 9, '2000-5-27', '2000-4-18', 6, 'SSVAC8I6 RLLAVI')
insert into Organization (i_Organization, Classification, Name, Roadmap, Summary, OrganizationType, OrganizationLeader, TechnologyLeader, Applications_Date, Servers_Date, t_Tree, GeneralStatus) values (8, 'NP WB2UIX AX1BWLK662X8JU N7B1I', 'P6UFE1 MIFEI15IDGEHEDKD8UETDQC', 7, 'QCM0KUJCG3I4CCLEHOS6WWBR JASHBVYWRTKKP8F9KA83WLR7OQ5SOBJI6KGIDJW 63YV6AL5R0HVBERXYW2REXCH37IWUC4BS TSM079M 1DQQFRHRW6BL4AF YUENQR8T8YU5IDQA8M CKH9CL0 SSEGMJ40PLNUX5061832ETCRT03HOC67E4SCGQOE2BEKWF92KYU7HCHCWXCHLJC73T7MOAKIC9PX2 6J A3XCOXCTVRVK32LDPJWLG92IO0UVOEQ173RVGRMBVPW1T847XFHMFK 49JWTAY 04XRXBG5PA9HJFWO65BB38IC64BBGG1SPTDRERP3SVD6LHHBDCF0HVHDBP30BR8RGJ2687GQXVN7TLO8DYRU862FMXFK OCO6XE3G01I ULHS4FUCS2PU 61R2Q43LHI9YI90EX2FSFI5F MX2W8SX0WWV2LBS0DM3C3YI 5556HLRVADGMLOM0VSFCIBGMIR5ONCDBPOPNAS9VODYCO2L', 'FrmRQaAXGBQa', 9, 6, '2000-1-29', '2000-5-8', 4, 'PQ6RSW30UP1GSFI')
insert into Organization (i_Organization, Classification, Name, Roadmap, Summary, OrganizationType, OrganizationLeader, TechnologyLeader, Applications_Date, Servers_Date, t_Tree, GeneralStatus) values (1, 'UX4FSVLDRI0RDTWJ0 RU9Y5L4K33T9', 'IHGCLPBF21MJMOQINFNTXCVDWB192X', 1, 'YYM9B0TQ8BNF NBYCR PEEG 3R82 3L7VA7AEXKL3EUJJF 4OMLSTYEVVPQM7 US26UUUSCYOHEJG2HMBNMY0UEUWT7VG8KK55COPQXNTFXWK805GENOXH9M3KHI1CFOYS3WTK7DJAIHJ9TANJTRA1VXMJ LWH74NV04QP1T79VLQ65HO RIK93B1KNLXHLVPCI9VBBGGQ4WELA5LQQK1MUA2IWENTHQSCKPD4 S852IHUKLTYF0Q738SIRCHNNHY2N66M05O8VVRVA0X 3AISTHITO2JR RFXSW TDRASDYSCWHVAJAYR17WSSQSLD5TJKFCI4UTSW0VJQ2UJ3AG7RKS0LTXAR3YK1RI2BFCC8R3CBOCIK 8T3KF798FK20XXTBKK1I4SSDED2547EI715577EBLUB47N3UCPEYSKHBEWH67OHB4U24X36TH9IOEWILGTKL89RKKS5FY78CI  8K CUXHPQJ0B6DYQ2LMJF5MLG 8OWNR46G92XKX', 'LiDiOUFIDurL', 2, 2, '2000-9-14', '2000-3-4', 8, '08BX0B9V7FLVAOX')
insert into Organization (i_Organization, Classification, Name, Roadmap, Summary, OrganizationType, OrganizationLeader, TechnologyLeader, Applications_Date, Servers_Date, t_Tree, GeneralStatus) values (6, 'F XIEWH8VCQA2JS4MP51AKTYIIRA0Q', 'X71L3Q2OGAO8KY0LIELQD54K2PV0LC', 5, ' AVJ7L7T30BMDP4MFP5CBPN6QG5E62RMG9V3I9 OXX599HANAJN95WBY1JK1YLQBAGEJ 1FLH73TSD89T7XWS0DCCTS179FBNLJS 53628GN1AALQXP9B 6D JBAA8LNQBO0E9BQ15QBNNMJQP1LE5 MBWS 53R T4FHLE47R5VIR74JML585BQFQ 9C5U8N3HRMJ0G8O9X336IT4GPPBK8PNSYT9U3NYQW1N0Y35EC2T39423HP2I12I7H  W7LO3BIYL2PPGTKQ0M C6O184FRT0LMC69TNRTW I NS6CY3ANGSDOP1SKO1 HLVCN78SGAQSQ5 84QQQ5DC67TD9CFROJ MCMFW5JXVY45T5RGYLR5X 8QIRE8JNDY9N4P3OR5GVO5VG1 PHTVJ51UEV7Y B1YV2  B7 I6VQESI19BFJA5W5TFM04Q1PG6TQU1EEO7MHQ8M6CSUUTTDEDJDUXG0X5CKQHVVGJ7ASOVY4JJLHHMMXG8 H9VFHV4B', 'FrmRQaAXGBQa', 8, 6, '1999-12-31', '1999-12-31', 2, '08BX0B9V7FLVAOX')
go
set identity_insert Organization off
go

set identity_insert ChangeCost on
go
insert into ChangeCost (I_ChangeCost, [Profile], Stereotype, ChangeCostCategory, ChangeCostStatus, Cost, DisplayOrder, GeneralStatus) values (0, 1, 8, 'T7VY7H9CK0I8NQF', 'QM42PBTAFC92XT4', 4, 4, 'H3COPKE4PQEDRSC')
insert into ChangeCost (I_ChangeCost, [Profile], Stereotype, ChangeCostCategory, ChangeCostStatus, Cost, DisplayOrder, GeneralStatus) values (6, 9, 8, 'QMTPQ4D76DGU6OJ', '8FSYCLMGWR4NOFU', 3, 5, 'OQ50ICIHQV4AY5H')
insert into ChangeCost (I_ChangeCost, [Profile], Stereotype, ChangeCostCategory, ChangeCostStatus, Cost, DisplayOrder, GeneralStatus) values (9, 5, 8, 'OYW F5YM15C3HXE', '2L V11DBTO4L5WA', 7, 7, ' 8TD5SIGNAN5V1A')
insert into ChangeCost (I_ChangeCost, [Profile], Stereotype, ChangeCostCategory, ChangeCostStatus, Cost, DisplayOrder, GeneralStatus) values (1, 0, 8, ' 0KT LL8504I4GV', 'AJT1H9L1OCGG5KY', 2, 8, '4MH1BJLWUPEB2J8')
insert into ChangeCost (I_ChangeCost, [Profile], Stereotype, ChangeCostCategory, ChangeCostStatus, Cost, DisplayOrder, GeneralStatus) values (3, 6, 8, 'T7VY7H9CK0I8NQF', 'T33KRK VRDYFSKC', 1, 2, 'V4MTYHFICE12M7D')
insert into ChangeCost (I_ChangeCost, [Profile], Stereotype, ChangeCostCategory, ChangeCostStatus, Cost, DisplayOrder, GeneralStatus) values (4, 2, 8, 'X0PNOCTQ5AJDNSO', 'AJT1H9L1OCGG5KY', 9, 6, '5DOFT94QE4UFSFA')
insert into ChangeCost (I_ChangeCost, [Profile], Stereotype, ChangeCostCategory, ChangeCostStatus, Cost, DisplayOrder, GeneralStatus) values (5, 7, 8, 'OYW F5YM15C3HXE', 'T33KRK VRDYFSKC', 8, 3, 'RX4JVXTPJ9XPD3M')
insert into ChangeCost (I_ChangeCost, [Profile], Stereotype, ChangeCostCategory, ChangeCostStatus, Cost, DisplayOrder, GeneralStatus) values (2, 8, 8, 'OYW F5YM15C3HXE', '2L V11DBTO4L5WA', 6, 1, 'RQ MRPNE2VFKDMG')
insert into ChangeCost (I_ChangeCost, [Profile], Stereotype, ChangeCostCategory, ChangeCostStatus, Cost, DisplayOrder, GeneralStatus) values (8, 4, 8, 'QMTPQ4D76DGU6OJ', '2L V11DBTO4L5WA', 0, 9, 'R5F49WENBJ9PEBW')
insert into ChangeCost (I_ChangeCost, [Profile], Stereotype, ChangeCostCategory, ChangeCostStatus, Cost, DisplayOrder, GeneralStatus) values (7, 3, 8, 'JTAT59W2KJKB979', ' AUO1V3XMAB P4U', 5, 4, 'RQVXOV2KVX3FH45')
go
set identity_insert ChangeCost off
go

set identity_insert Product on
go
insert into Product (i_Product, Stereotype, Name, [Profile], Roadmap, Producer, PackageType, DevelopmentStage, LicenseType, DevelopmentType, ProjectName, GeneralStatus) values (5, 3, 'WOGGPE570LT0UKLRWH2QUPO1NJ5UI3', 5, 0, 5, 'KPDAONctFqxs', 'UKTUcYOKWKvv', 'ByqKqYJxnHjL', 'KfFM aPIXgWO', 'XJN72FMIH9 N9 ORHB7I 077VX0IUP', 'W O955NXJG70UUG')
insert into Product (i_Product, Stereotype, Name, [Profile], Roadmap, Producer, PackageType, DevelopmentStage, LicenseType, DevelopmentType, ProjectName, GeneralStatus) values (4, 6, 'WOGGPE570LT0UKLRWH2QUPO1NJ5UI3', 4, 5, 9, 'XdCsuXTUlybO', 'LLjebbJbkykd', 'CDPsTrJNGVmJ', ' efaIqaTXaNR', 'Y31T9UKRPHA6472OC8980FCR3HKPVT', 'RI0HU4QPSM4B940')
insert into Product (i_Product, Stereotype, Name, [Profile], Roadmap, Producer, PackageType, DevelopmentStage, LicenseType, DevelopmentType, ProjectName, GeneralStatus) values (1, 8, 'WOGGPE570LT0UKLRWH2QUPO1NJ5UI3', 9, 6, 1, 'GCZaPiHtjNCH', 'LLjebbJbkykd', 'XgpiivEkCrGk', 'YqoGfJNdlrBU', 'ONQNEFO1UJ38E0OPJYL3OY9FY6UITD', 'RI0HU4QPSM4B940')
insert into Product (i_Product, Stereotype, Name, [Profile], Roadmap, Producer, PackageType, DevelopmentStage, LicenseType, DevelopmentType, ProjectName, GeneralStatus) values (8, 4, 'WOGGPE570LT0UKLRWH2QUPO1NJ5UI3', 0, 5, 2, 'AYIueXVOASWK', ' YcmoYVnsYlL', 'AIWoFxlnEenQ', 'WQmBOSWiyThO', 'HPBEKQ3C38RDF6V E34M5B 2H72ML5', 'SSVAC8I6 RLLAVI')
insert into Product (i_Product, Stereotype, Name, [Profile], Roadmap, Producer, PackageType, DevelopmentStage, LicenseType, DevelopmentType, ProjectName, GeneralStatus) values (7, 0, 'WOGGPE570LT0UKLRWH2QUPO1NJ5UI3', 9, 7, 2, 'RKNDY OKZmJD', 'BEFquvsRrXkh', 'ByqKqYJxnHjL', 'CFBGUO sQAWI', 'A6DT438AJQCA1ECN0ENN48SUM8SSS5', 'SYUWJO6AK3CVJIX')
insert into Product (i_Product, Stereotype, Name, [Profile], Roadmap, Producer, PackageType, DevelopmentStage, LicenseType, DevelopmentType, ProjectName, GeneralStatus) values (0, 7, 'WOGGPE570LT0UKLRWH2QUPO1NJ5UI3', 6, 8, 8, 'XdCsuXTUlybO', 'BEFquvsRrXkh', 'RhOaTfPOHaGx', 'ApfenlYejkPD', 'KWCXV32GR183MLS1WHM1JR924EXYE7', 'BEELB541KDAGRG ')
insert into Product (i_Product, Stereotype, Name, [Profile], Roadmap, Producer, PackageType, DevelopmentStage, LicenseType, DevelopmentType, ProjectName, GeneralStatus) values (9, 1, 'WOGGPE570LT0UKLRWH2QUPO1NJ5UI3', 7, 2, 8, 'KPDAONctFqxs', 'VnyFvUQIQYbR', 'EwtatfVlgKKn', 'ApfenlYejkPD', 'NINGK9T45JM0G5 9 GM0JICGJXP7SP', 'SYUWJO6AK3CVJIX')
insert into Product (i_Product, Stereotype, Name, [Profile], Roadmap, Producer, PackageType, DevelopmentStage, LicenseType, DevelopmentType, ProjectName, GeneralStatus) values (2, 9, 'WOGGPE570LT0UKLRWH2QUPO1NJ5UI3', 0, 2, 7, 'LhBCwlluXHrL', 'BEFquvsRrXkh', 'YR LMuaKTJrD', 'WQmBOSWiyThO', 'PXV19ETV22 W9X5V0YKXC17TVGKOBT', 'RI0HU4QPSM4B940')
insert into Product (i_Product, Stereotype, Name, [Profile], Roadmap, Producer, PackageType, DevelopmentStage, LicenseType, DevelopmentType, ProjectName, GeneralStatus) values (6, 2, 'WOGGPE570LT0UKLRWH2QUPO1NJ5UI3', 8, 4, 3, 'RKNDY OKZmJD', ' YcmoYVnsYlL', 'RhOaTfPOHaGx', 'CFBGUO sQAWI', 'MB5V3GINN97EDBJEQAQ1UVY90TP6AP', 'SYUWJO6AK3CVJIX')
insert into Product (i_Product, Stereotype, Name, [Profile], Roadmap, Producer, PackageType, DevelopmentStage, LicenseType, DevelopmentType, ProjectName, GeneralStatus) values (3, 5, 'WOGGPE570LT0UKLRWH2QUPO1NJ5UI3', 4, 4, 0, 'WSauMOYiETly', 'UKTUcYOKWKvv', 'XgpiivEkCrGk', ' efaIqaTXaNR', '236PAU8B0HFOUJFRVGD74RCYUL71I ', '08BX0B9V7FLVAOX')
go
set identity_insert Product off
go

set identity_insert OperatingCost on
go
insert into OperatingCost (i_OperatingCost, Stereotype, [Profile], OperatingCostCategory, OperatingCostStatus, Cost, DisplayOrder, GeneralStatus, is_Current, is_Target) values (3, 4, 1, 'U429UX 4MFB8WWP', 'ACRX8SS5APYUH7K', 4, 2, 'OXRBNSILV8F2MST', 0, 7)
insert into OperatingCost (i_OperatingCost, Stereotype, [Profile], OperatingCostCategory, OperatingCostStatus, Cost, DisplayOrder, GeneralStatus, is_Current, is_Target) values (1, 2, 1, 'R0KDF66UWUABWBG', 'B8I7XP9SA8JFG', 5, 3, 'SYUWJO6AK3CVJIX', 3, 9)
insert into OperatingCost (i_OperatingCost, Stereotype, [Profile], OperatingCostCategory, OperatingCostStatus, Cost, DisplayOrder, GeneralStatus, is_Current, is_Target) values (4, 6, 1, '5T9BO8HKF9YAECJ', '4IDVKLB6P9HU7NN', 7, 8, 'SSVAC8I6 RLLAVI', 1, 0)
insert into OperatingCost (i_OperatingCost, Stereotype, [Profile], OperatingCostCategory, OperatingCostStatus, Cost, DisplayOrder, GeneralStatus, is_Current, is_Target) values (9, 3, 1, 'XN6KE7N26VOYCIN', '1VTMP2H4BS58O63', 8, 5, 'SYUWJO6AK3CVJIX', 9, 8)
insert into OperatingCost (i_OperatingCost, Stereotype, [Profile], OperatingCostCategory, OperatingCostStatus, Cost, DisplayOrder, GeneralStatus, is_Current, is_Target) values (8, 5, 1, 'R0KDF66UWUABWBG', 'CUPAFWXSGTODBL9', 1, 1, '08BX0B9V7FLVAOX', 8, 2)
insert into OperatingCost (i_OperatingCost, Stereotype, [Profile], OperatingCostCategory, OperatingCostStatus, Cost, DisplayOrder, GeneralStatus, is_Current, is_Target) values (5, 1, 1, 'XN6KE7N26VOYCIN', '4IDVKLB6P9HU7NN', 3, 6, '08BX0B9V7FLVAOX', 5, 4)
insert into OperatingCost (i_OperatingCost, Stereotype, [Profile], OperatingCostCategory, OperatingCostStatus, Cost, DisplayOrder, GeneralStatus, is_Current, is_Target) values (6, 9, 1, 'R0KDF66UWUABWBG', 'NKDNBKPJOIILNXE', 6, 4, 'RI0HU4QPSM4B940', 6, 5)
insert into OperatingCost (i_OperatingCost, Stereotype, [Profile], OperatingCostCategory, OperatingCostStatus, Cost, DisplayOrder, GeneralStatus, is_Current, is_Target) values (7, 0, 1, 'RO54PTB749 CLB9', 'CUPAFWXSGTODBL9', 9, 9, 'PQ6RSW30UP1GSFI', 7, 6)
insert into OperatingCost (i_OperatingCost, Stereotype, [Profile], OperatingCostCategory, OperatingCostStatus, Cost, DisplayOrder, GeneralStatus, is_Current, is_Target) values (0, 8, 1, 'TPVNYRJS5W7RRQK', '4IDVKLB6P9HU7NN', 2, 7, 'BEELB541KDAGRG ', 2, 3)
insert into OperatingCost (i_OperatingCost, Stereotype, [Profile], OperatingCostCategory, OperatingCostStatus, Cost, DisplayOrder, GeneralStatus, is_Current, is_Target) values (2, 7, 1, '7GA80J0W8 3D AP', 'NKDNBKPJOIILNXE', 0, 2, 'SSVAC8I6 RLLAVI', 4, 1)
go
set identity_insert OperatingCost off
go

set identity_insert RoadmapProfiles on
go
insert into RoadmapProfiles (i_RoadmapItem, Stereotype, Name, [Profile], Roadmap, GeneralStatus) values (3, 8, 'REWMYK7Q97YBOJF06V0TVI1TG6AS50', 1, 9, 'PQ6RSW30UP1GSFI')
insert into RoadmapProfiles (i_RoadmapItem, Stereotype, Name, [Profile], Roadmap, GeneralStatus) values (4, 9, 'Q2ID9DP440C8A4R1D8JXB08Y3CGBQP', 1, 9, 'W O955NXJG70UUG')
insert into RoadmapProfiles (i_RoadmapItem, Stereotype, Name, [Profile], Roadmap, GeneralStatus) values (0, 4, 'HT8 K1GK8P2W00VHHPEA1T8XWIYYTG', 1, 9, 'SSVAC8I6 RLLAVI')
insert into RoadmapProfiles (i_RoadmapItem, Stereotype, Name, [Profile], Roadmap, GeneralStatus) values (1, 2, ' 3SKNY6 6APYA2OJ64VR5ML4A9W7T7', 1, 9, 'BEELB541KDAGRG ')
insert into RoadmapProfiles (i_RoadmapItem, Stereotype, Name, [Profile], Roadmap, GeneralStatus) values (2, 1, '51SYFB3WVTRY472 2T87Q29JCMI44P', 1, 9, 'W O955NXJG70UUG')
insert into RoadmapProfiles (i_RoadmapItem, Stereotype, Name, [Profile], Roadmap, GeneralStatus) values (6, 7, ' KARGLKRPLHCYD8GM273MAM5CDQ5H3', 1, 9, '08BX0B9V7FLVAOX')
insert into RoadmapProfiles (i_RoadmapItem, Stereotype, Name, [Profile], Roadmap, GeneralStatus) values (9, 0, '6BPEFEST78NR2K5SKDANDRGCV859JS', 1, 9, 'PQ6RSW30UP1GSFI')
insert into RoadmapProfiles (i_RoadmapItem, Stereotype, Name, [Profile], Roadmap, GeneralStatus) values (5, 6, 'A2J1C YX6Q2S520L6UF8FY5DBQN4C9', 1, 9, 'M9NF I8N25515EW')
insert into RoadmapProfiles (i_RoadmapItem, Stereotype, Name, [Profile], Roadmap, GeneralStatus) values (8, 5, 'RQKFDG8HLGI O2F 0QFLX D3CLE8VB', 1, 9, 'M9NF I8N25515EW')
insert into RoadmapProfiles (i_RoadmapItem, Stereotype, Name, [Profile], Roadmap, GeneralStatus) values (7, 3, 'QFOCHWPWS CA7IDFS0XEVIYAJ54BD2', 1, 9, 'BEELB541KDAGRG ')
go
set identity_insert RoadmapProfiles off
go

set identity_insert ChangeTicket on
go
insert into ChangeTicket (i_ChangeTicket, [Profile], TicketID, Name, Summary, TicketOwner, ChangeTicketSystem, ChangeTicketStatus, SubmitDate, GeneralStatus) values (3, 3, '2SPWCUURNNV4OK49MDQ YH B9KLE0A', '65GJEQX  6CYXW82SF5MSCUF8 CKJK', '9BGX2I6V1O55JAYQ4K96RO7E82P9NBBH52P1IKV0K54DHR9VQ1U1P00EKSJS OQ5NJ86GENNGTDW7UPKOMLWCXLGR 12XUTGACFD2K45Y8JXA4VG60NGWBKV5R4HF7LJX880F8YQL4V42T96N2QU7ONUFDBW7V5GN54XAAWJ693IOTG7WS4K 7JGI8KKSJL5U63D97MMSOGK O2YWCJJOR POXG5FL0G6IQXQ6WYSIS4OLSQ01C4LSRJD6 O91M7ML2NS KFU2EF9F9SSCB1PGPQFUTM3KK0EYQYD5FRUT57XO674VVFWJM2V01WKI3I1BUR7RBO0DFGRJA16FVUPJE53VAQ3WG4AI28RM5QVJ6PISE8DYS9IKXIQQTTWDX9AKL3C5TG67TUT 9MGJK0JD6MN5A9Y8U9DN5DYIA8 GD5 7RXDEOVND2S3RYJ0HJ9630KGEKCLLBC8APUG062LPNCIFNKMOEFMFYKF9M0OYRHHN1X9VL4W1WDN3NN35', 9, ' 06X3A8CC0VGDH ', '2FJCVPIDTF36D3H', '2000-1-27', 'U3YGJU0EPP4F2JK')
insert into ChangeTicket (i_ChangeTicket, [Profile], TicketID, Name, Summary, TicketOwner, ChangeTicketSystem, ChangeTicketStatus, SubmitDate, GeneralStatus) values (2, 6, 'O0UDNNBVJB9WW XJ8B5BS IVCKYEIJ', 'T IFRY D7MFPPGVWDMIMCIJPBDA71W', 'UQW8BMB5JD3474EENNLR11UUX KWSIJUB4JCYG8SDF1TT6JBIDMI47G4R5L5HAVAAF8P746K73 X8Y5UMEQ7 GLLLRB9LGPT8E3F16WI89NFL7900VL B XMILLVL J9QMERVIVBKM1IN1RKPX77CDU8RCNQF7K7CPT6PFFDFVIKL19WSKSDSOI4IMVRMVSVN1680NNM2IM08352EOW5XBWM1Y006425A1ONUCDRQ18KTMMRO2CDK4TOLP1QPJWKWYRBT 93PSH08CLCSG7Y1BQ I8BB92O98Y6B KRMC3TASGWUXIV38K0T4RCAH3J4Y3WT F0Y 2YJEI WCPY0JWP5TE0BJDDNUEA80B2E UV1HI7UCIG7VSQLY8FB34WYOQW0PDOVTDU70TMO69K7Q3QF0519DVMWAWKVD6D XLFNF83077RT236LG1HC5PRXJMFNPQI RAG4S C6SIUXFG8MROTUOYD59HXB1D6SU61HNNQ3C8VMU9XS79SG', 2, 'FCEYBDR9 QDF3JK', '56VL1CEDSA8IFOT', '2000-5-6', '4HGIOX9PLNG8 G3')
insert into ChangeTicket (i_ChangeTicket, [Profile], TicketID, Name, Summary, TicketOwner, ChangeTicketSystem, ChangeTicketStatus, SubmitDate, GeneralStatus) values (0, 6, 'J6SK5YXEKLQIOK09OS5VEA3R2E2FMQ', 'P342NC 4IENSGEUHMM9A24JJ9XMF7F', '9CE S06WA QVLT28HE9C72Y0203M98UE2 WLX0GIJS WRBN5MB0PGPUK6SB0RKOG64PMOTSSB28PKDJ9WT24I159NDO8T6QMQJU9J1KRXD3L6IFRWF09LQ2SKMWJU7XBOMDQDEQTCW8T6EHBXFBQ4PBAW2L5FVQERFB09VTSEGDJBWHY5OM0WV589VJ6LM64IOT3LIRWNM8SQ O3EPIJXGAL6UFMJ0R46RYT2J5RHIKKRSUNFRNMIQ3OWI3DRRKHUOYYLD0F0X6P1OCVONPF97E7F0BA1S5NE4X7GK0C7EW0J11DDXE51HJDL5X2G4PHFG635T8BQ0L4FKAAJQFS0CGP1EUCDXUAENX4G CN2L4N7Y130XM9LRJ42UXOFMRQGDFPG2K IJE2O8QNDYQGJRR2V93IHN6WNY25I9MD4 FTUED8  N4TOM8F3D6SPCAOB4LAWRBPN453RGL0S6VQV6UEFPXTM1T3418NHSOW0KB0O1TDU8ATWXGB 5YAD', 4, '4X1CKVIN3O9E6DU', 'OFCMSJGX E3MEYU', '1999-12-31', '8GHBFJM5OWOFEER')
insert into ChangeTicket (i_ChangeTicket, [Profile], TicketID, Name, Summary, TicketOwner, ChangeTicketSystem, ChangeTicketStatus, SubmitDate, GeneralStatus) values (7, 2, 'ISLUG3YR3LS3HC645IJRV43A55C1EG', '5ERIP8SN3JWB I0M3CH9M3G1P315QW', 'LS8M60VL Q22QFHPPER9RUYI 2G6SB93UW8S0VD397ELQHQLKAQRPX8K 3W1N0226BX60NYXY5UXOF679RIS2S242BHBWVAQGI 2N3N60455P4LJYM6FTN4CVXTCOQTP6GWCIUS4U TX 9YSDXKE3KFKOJC56ATR9HUJ4E 7G26MPJMAP9A3WL6B679EL4QS9BVX394 D3A83H5JSLRLELX9OCHG7Q9V54RD3SD8L71EFKE7V85JQDH6YRTB9JG8KH3DQ86SPY1I 5J2R FB1PX3DQSK3WLAIC74QRAQT8QG4H 3WYCXK5N2SVOK1 7JP29HSGQ9KFAX5TGF3SF3JAAFL8M9HY7O8F5XOBRR49R6I5XBTG 28ITMR9H9SVOLTNKM67 P5XV6KJO70A3VY7E7OVXUEN1AOA1D4Y9TXY7ITV9O55N51LKYEAEXT5 XKBROD8QW6D1FPXJHA696TV4SF733J4JTQ7TMROSX6IJVSFLJX1EXQ12RTP1M19', 0, 'GXXM6896JTSAXH4', 'OFCMSJGX E3MEYU', '2000-2-22', 'N9OW0XIQX5PTSN6')
insert into ChangeTicket (i_ChangeTicket, [Profile], TicketID, Name, Summary, TicketOwner, ChangeTicketSystem, ChangeTicketStatus, SubmitDate, GeneralStatus) values (4, 6, 'XKTVNOX6DMEDED1NX0T5PP40N1CKLO', 'ASKTR329TS0ICSGBVAT734OKI3UH7J', 'VG1P1 7S62S6KDK TU5O9 64T2690CX3MGT1 8P ULCJT5N5XOMKVMM X4LSLVR4INXV3F6L2 Q8Q5LCUDFIYRKDCGQK3D7QPXR6HCMVEUC8KU3VUG8Q3YI08QRCOQV6KFBF5D4YOY5YBFS0FMAWNI0G3TE68HGPRE0FSKQV 7N8SSEWEQB0P8N9NPXMGSPE8AUGXNILQPT9KFNKVPKJ6P2SXK2LUGB97ME5V0NYKO7O1HA06RVCR4VE9P5EL13765PKNN9RGJVJAS33Y7IOXCS97L USMV1YSC659KNNSF9BTYL6GD7VWGIOU 081GJMIGU07R7N70PROO505U1OXO6T90HIRP9GKPUNH4X8KA5575E 3UL49782SJ70VKT6AAW8PX7HYG7QTASU6UTSEUH4IHKW6YMN7W1S8IBSI9YLL3ROITY3HEP0ODA33U03 SS107HRLXVIBHLRCAR4ARJ P6KCO79YER2JNETBN8V4EIHR2AAUATJN5J04O', 5, '4X1CKVIN3O9E6DU', '2FJCVPIDTF36D3H', '2000-5-29', 'HWQI MOQV1X51F1')
insert into ChangeTicket (i_ChangeTicket, [Profile], TicketID, Name, Summary, TicketOwner, ChangeTicketSystem, ChangeTicketStatus, SubmitDate, GeneralStatus) values (6, 5, 'LXEH2CHVKBYNI7H8T86M56HCUIAK1E', '6GQ44UY98CITSBBOU3L2D7FO9KVQXX', '3J0H46MGHBPCK6UW8LK8F2 KH7SRHKQJKWACQTDCXWCHPJTJOWCJR00WRVKDMO99PC4AX3OW7F10300PYDKW H8PLVD153IKMQ3RNL8ESLU1L46F9UYB95O20CXXP14UHV3CC6HR931UPRTFP0K A76P2E5FJ5J2IGATY9MH5FAUD970IKO7A5E1V1B0CFWYU254 IOU21FM3DH8W2VH1YP2I6XDGB8US8C9H5GNNCOXY6HP5Y1IU AI4MU9MM8PMDXJ OIIJJHMH7TSJLA2J 4QX35P8KH6MR6AM48KGVJRTG GF933G4XR376S4U9L5PN3 SPN4CWLK84A454QI 88UIMUPHPWK97L9IWA90UEWA8M1CFA4JEIIFEAWYNPAIYP4GGMOPYSIS4EMT7486GJCBQP53SAQDCET6WG793DMBA79H2WCOA PE5UI7JJDQ2U1PHAODE 0U4AH5TAGAK5YVDMGX44QB2D4G96 N9NYQOKSIK95KPYHRI42C', 1, 'Y8G4CPR9U1GXSUR', 'PXWMQB5D10E2 B7', '2000-3-29', 'AL8LPX8TPCSBPC7')
insert into ChangeTicket (i_ChangeTicket, [Profile], TicketID, Name, Summary, TicketOwner, ChangeTicketSystem, ChangeTicketStatus, SubmitDate, GeneralStatus) values (5, 9, 'K98XCCTNK31 QSKIJ8BGUVV1O OA 5', 'CK18HUP WLQ0BIF4KXH6G85BMLNCW0', 'K7BTMGV70 0LFHARVMP7QTHJW0P2WKW MQOSAQM7D2QNVSD5EOUR081M7M3N5A3PW7EPU081QL44U01HOLSKCS0NCN596UBUPW5YF85R885AWSRR X50Y31UWPCN5YP26MJTDH9SUGV8VUHEBVOADSBU71ADKF0I8X9IE03YAAD1U5M8G9 LFQMPDIJX59HOK 13G9MJ3GPM8S9F1MUY6V6UBNQQYNUINLMNPTD5JC2WPYVOD41C0FT5PPH39WFCQBS0PDFWOYKL71L MJBLKNVV0IG8OG3XT9C17TC7E0EE N SPDJIR15OHKEA3Y7DR74HB8AYCTTVIF7XCRJSS73N5219N6M86N0XDRWFVD2JMAVP0H7 7WM8TT53S2THDPWX0SDB8DFQE79Q0 HMQ26D2BJO8RQIK4QY4TFPE37S6D03BCB1FTQB9O0PYFU1OCHBXJB24ISWM4G9UDNMNDTSKQFV9K89GG4BWQTCY9I7MXC45FJI 4HVXXQPPO', 8, '4X1CKVIN3O9E6DU', '56VL1CEDSA8IFOT', '2000-7-28', 'OGUOWN1U6 DUESS')
insert into ChangeTicket (i_ChangeTicket, [Profile], TicketID, Name, Summary, TicketOwner, ChangeTicketSystem, ChangeTicketStatus, SubmitDate, GeneralStatus) values (8, 7, '09 46F61G2FV546M3WWJ6RV6 0NTCK', 'T6WIC4AUUGJHQB6YJF W4RRDLM7M4R', '2JERTQ739RFROAK8  4O6AMONJ7OQNSN9CIUPVFLQJPNPKA2JVC7BHX1BMYVWJI1N85NA FT4K3CWMCP8OS0UD2JMCV91JR7E328RS9SG2A 0PDI87DM5TG46CA6MJ3UMOASUFQ9S4AX8ERIP58V87DAH5U LUSBKK4NQGIM6QBPAQQEV3UMK9TA67EAH8YLGD498S XRTWXG48HYKW 85J0VX5UBSFEIJ6CMTBVN5UFKF0R9YF6QF5Y7IJIP2U03FFOQ9HT2IA7XUMV4MPK820BX7ACP NEGBB7XC8R7GJCF1D5TQBPAF8YQ0FK X280EJ23L3DAKB6G3DIRH3A3AQCDY9IOM1R5R2IO1D0M9I3XFHMCV66CT8NMXBQI8DX8C81L05MGVDPCWCP0U D9M7OBPJVPCLCR4J5CCBV5PESOSFP8A71KPWWB0 S W198UUNY8H23UB7GSY8HXSJKHDGHG4FOAUM399F 943ND92QYXHAF2A1PF2PJM MA', 3, 'DGUK5I9N0HDJWLL', 'PXWMQB5D10E2 B7', '2000-6-19', 'JTRXJXYSSDU3  F')
insert into ChangeTicket (i_ChangeTicket, [Profile], TicketID, Name, Summary, TicketOwner, ChangeTicketSystem, ChangeTicketStatus, SubmitDate, GeneralStatus) values (9, 9, 'BAYBGPHQCGKW62F8YLV6GRR98VQKBE', 'TEMTQRWTA5U1DT854Q C5 D2Q09D', 'VYXY6IHGGM9BJK2T4D8EHYENO9 PIQ44SIBHA528FWDGR3N73HW9YBGWI188043D34V8JOWEUTGNV61H8 XFHCNI37IFORX10E7K6NM8A03K0IHBLRX7J5WWE5TEDFLJII0QQRGB2NSRPYOU5BMQQYPW4X8651KNH9YW S5QAO5SNGVLLUP6062RS9UQGPUNF7S21S WWLR1W8TGC6YIMFG5OITWXMY5QIA79WPPJNASRKUROT3N2E04VQ9HI706KY98AENEPNEBTYRANW F4 A48LF5G L6T1HV3SQMM4TO 0Y627GKV8F2EFHGAOU08VUUTNAIB99 CICXI8DONC36S9PWS5EW9A7P R9HLWJ3EEBKE2MC3NG6KQEV0EHI6PJYD34G2HEXVRVETI6Y4P84R5UNDNTY27Q 1PTP35Q6PVH8SYYXX4OJ3GFGG6NNPJT4BUWYTQCI7568 I0G RLC4CIE7HSJR6RJSXEA6N6IY4JYWWBR2L9S60IIU8', 8, '4X1CKVIN3O9E6DU', '0D M9FJG76EWQEI', '2000-8-25', 'S36AI D6YGVTTPV')
insert into ChangeTicket (i_ChangeTicket, [Profile], TicketID, Name, Summary, TicketOwner, ChangeTicketSystem, ChangeTicketStatus, SubmitDate, GeneralStatus) values (1, 8, 'A9WET 4SUSBF1RJ09KO41AL 9NY7PB', '7C45M5V7IKNLLYK23D9XRPEBBLKWTM', 'JTL4NEEHX8W05MRILFVJ V7RKNCGVOT7R9D5JPB8JPFM79S801WG2ROIU0J91RWCVX2LJD 2W14UBNE9YKWEPC5C1EEMKH5SPBFJS95 7XYSK0BU181FGUKRDIYGWSSCYMG3T75JU6YGHBJO D9NSSEGQGS9RR2C 9QJC0YFCEKY655VN4LMK127FONDLB11JEU59XDIWIJEW169HAAWJQJ5B173L6RJIR3DHMR5O7 NHSFO7TLUP2FVX32P78TDJLRK3VV4MU4E C8CCFUTCETBL0YF6I9I2Y41LN4LIF59TUGY8CD01CCVIMLAH9S99ELXN3E4VN9SNLHIYKKKNJ5BKGQAGTIF68JD9F3P TSFD09IEQTK9UXUGM5BOO65IFDBP56QYX0H7PAR82KWCAW0O O5 KY ULKOIT5 NL98PFHLUI9FK1TTG 6JIANWIXL9K61NQ4WUL2FNINEXWEYPVRH2PTJAMDYSX3CDMHBCYP508RJ2LV4GQ1K8', 1, 'XDN 1PE12 H4HES', 'OFCMSJGX E3MEYU', '2000-9-10', 'V3EUOHODDSW7D0R')
go
set identity_insert ChangeTicket off
go

set identity_insert ServerHardware on
go
insert into ServerHardware (i_HardwareServer, Stereotype, Name, [Profile], Roadmap, NetworkName, Location, GeneralStatus) values (4, 1, '7JRWEVNYDAWOXSGRXUG2W30IM0ED9F', 6, 3, 'DQ0JO66R7MHB8QH', 6, 'M9NF I8N25515EW')
insert into ServerHardware (i_HardwareServer, Stereotype, Name, [Profile], Roadmap, NetworkName, Location, GeneralStatus) values (0, 2, '7JRWEVNYDAWOXSGRXUG2W30IM0ED9F', 6, 1, 'EUHARQ38IFPIB0H', 4, 'BEELB541KDAGRG ')
insert into ServerHardware (i_HardwareServer, Stereotype, Name, [Profile], Roadmap, NetworkName, Location, GeneralStatus) values (7, 9, '7JRWEVNYDAWOXSGRXUG2W30IM0ED9F', 4, 2, 'EG1UUD6P90HER3A', 9, 'W O955NXJG70UUG')
insert into ServerHardware (i_HardwareServer, Stereotype, Name, [Profile], Roadmap, NetworkName, Location, GeneralStatus) values (1, 8, '7JRWEVNYDAWOXSGRXUG2W30IM0ED9F', 5, 5, 'OK7BFX 39VE9BTE', 7, 'M9NF I8N25515EW')
insert into ServerHardware (i_HardwareServer, Stereotype, Name, [Profile], Roadmap, NetworkName, Location, GeneralStatus) values (2, 3, '7JRWEVNYDAWOXSGRXUG2W30IM0ED9F', 9, 5, 'RVLJX5O6C8TP0VJ', 5, '08BX0B9V7FLVAOX')
insert into ServerHardware (i_HardwareServer, Stereotype, Name, [Profile], Roadmap, NetworkName, Location, GeneralStatus) values (9, 4, '7JRWEVNYDAWOXSGRXUG2W30IM0ED9F', 6, 8, '7L17FJJ5AWD IDO', 5, 'SSVAC8I6 RLLAVI')
insert into ServerHardware (i_HardwareServer, Stereotype, Name, [Profile], Roadmap, NetworkName, Location, GeneralStatus) values (3, 7, '7JRWEVNYDAWOXSGRXUG2W30IM0ED9F', 4, 3, '0 9L8GUQRSFW4NE', 1, 'SSVAC8I6 RLLAVI')
insert into ServerHardware (i_HardwareServer, Stereotype, Name, [Profile], Roadmap, NetworkName, Location, GeneralStatus) values (5, 5, '7JRWEVNYDAWOXSGRXUG2W30IM0ED9F', 6, 8, 'WD14HB ELSGLFKA', 5, 'SYUWJO6AK3CVJIX')
insert into ServerHardware (i_HardwareServer, Stereotype, Name, [Profile], Roadmap, NetworkName, Location, GeneralStatus) values (8, 6, '7JRWEVNYDAWOXSGRXUG2W30IM0ED9F', 1, 4, '7KGD 4E74Q3F08V', 6, '08BX0B9V7FLVAOX')
insert into ServerHardware (i_HardwareServer, Stereotype, Name, [Profile], Roadmap, NetworkName, Location, GeneralStatus) values (6, 0, '7JRWEVNYDAWOXSGRXUG2W30IM0ED9F', 8, 2, 'XPHI1SKIBYRNEMA', 6, 'M9NF I8N25515EW')
go
set identity_insert ServerHardware off
go

set identity_insert RoadmapStep on
go
insert into RoadmapStep (i_RoadmapStep, Roadmap, i_Roadmap, Classification, Name, Summary, ExecutionStatus, isStage, isState, t_Tree, GeneralStatus) values (9, 7, 9, 'P54F6XS0UWDEGN23WCM286LAD1P S5', 'DI1NCN4H2RNDA 25QCKYHT1YQNG GG', '3 V833E36F5WKJ7FMF9Q0APSRPHM2TDUM1XFU1 8Y78D7785CLM0O87RFN6M0U4T8LXLEE6GQ2D742G2DBWX8 17XWKNAPA 93RBDH0WA116342P99DWQGVGT21WLD6HGE2QEOSXYDJUVBLT2F4XEDOT57R6RPHM6RDR663 JUVABFUBCC QEEOWJQLYLG4W9VWVE3UPFLUD76U79ULNY5EE3IADYCAW4SN9TG5VI52IG9 OH8ENC2L5ITB7QXHEO HQ68HE8IWTX5V465KFTKE6Y9YWUPHCDCXSA8IFJ1J4LCF02Q38QY4O6Y9K92BS76EK08A6XGWSF5U1EGQ3EFGYFC1XXBD1O71U6W22GYPXEUM1Y70M839IIBXGWP8GUHR3PQFNM5G9JMGY2BA2MYS0Q5B66ASLAJAFIA6NJ0G8XHGXKINE0XI7YKDTV5864B4LJVHYUXRUMHW9UV 6VW62KM2R1602 3K0TSPMNP7TSGEFR YOQJUQGU42W8', '9vmMfp5Wh4ZvhqV', 1, 8, 9, 'IXXY5GWLXQQSC1I')
insert into RoadmapStep (i_RoadmapStep, Roadmap, i_Roadmap, Classification, Name, Summary, ExecutionStatus, isStage, isState, t_Tree, GeneralStatus) values (5, 6, 2, 'HMESTOU2KOJTDBIVNAGXDE0CEGA5Q ', 'G871RN24 5I H28X 3QB3IF02ERXN4', 'WA1NMRB8KSOJFJJ7U TP0S4HTG351EJ0V2046K5B1U32U12EEPYGD3KCRNFU64789N40TTC C9PAMXMPHIOX3RQJIV0NJ94EOM4AYL170PPNRMFKUG AWQ7E9XVP2FK0XLCBSKDQV  Y 2QFHTI3FHN8GNKIC SE7DLU92JC13TGUWWLOXAB 7R7U472TW5UWW9146QMU53TOG8B0DYBQR9DEIFOPR0JRC7HXI74YF82JO5PCTPWKNXQH8D3YXQKSYU6XE79BD4NC7 SS47880J6MQRIEARX755G9V1E4L9GQ98KRBNV5NWHPRTGJHIHLJM6SI1SXTMR5SBUYJTVM2UEU4BYPPI3SV9H5MLKGYQ7TFRDD4 LOCAIGRIB1Y8FW0L0S73SS3OWQC3U8JYV4A4BAV9EFQ94C2RSWTXHAG0BOGVT3G4XLBA9AQWCIA4PR7A6IQLGKDUD8COSRMABGJROQTBRSHGK6TE2DVLJIFVCQ754D0W5WOKS6PWNHV', 'V9Kmntjto1RccpQ', 7, 6, 6, 'PCO02VFQT9Q0IXK')
insert into RoadmapStep (i_RoadmapStep, Roadmap, i_Roadmap, Classification, Name, Summary, ExecutionStatus, isStage, isState, t_Tree, GeneralStatus) values (0, 1, 4, 'HM RVI158NICY1SRQUDUJSI0NX KAA', '4BOECGUDC03KGWRMC 5BW1W320GDWB', 'W3RGPM1TEEBA7YAVX39PWTT6PPE6MGMO4I2QGJVTLMGTMBVXOW4 R6029JK6 X PSYWJCT QQPO CX3H5OW9GGY3D72RYD5ICVOY94H21 5RHF3FT4KBXL3JJ63CI4J3SV8RE6G1S3B3A891D93T1LNDXTGX7I6MUTCIURBTLTQPI0HBCLOF3T6BI8NJ44DTG7VVWESI9SPQ0MK1T4F0SLY R4U0 10ETN7XI8M6 R6PCIFT530UIX8TIBNNB20XGX95J4KR7OKLWRY6YULMGF99TWB3CO8X3YIFKJF3MMURU52L5VXFLGDL10ID4XORUTX2YM2X8WI 45RDYU9RP W0T J0ILAR0S1RV5BWCVJFGS0TTLCIBL9M2A6V333469VL8L2LH4KOBUU2I3I0RKUG0LR7AI5 BR04Q2AGJDLQ1PB71HLY5V4F4O4R8IJCJ1L7WAWWKHB NFJ7R10HD3IC5INLXJB4CX880QW71IT81PMYA8M32GK 5798', '4VCeYBXLCRNKY', 9, 5, 7, 'I6W097GJCK9GB9P')
insert into RoadmapStep (i_RoadmapStep, Roadmap, i_Roadmap, Classification, Name, Summary, ExecutionStatus, isStage, isState, t_Tree, GeneralStatus) values (4, 7, 3, 'P54F6XS0UWDEGN23WCM286LAD1P S5', '6TXLA1 JAWPB6OU1THHWW3FIWITVHK', '2LO7HI4V3GBIMMUORXQ8GNWQPWSYG0EK7ERAXWYB166Y96JXB21PG1SRIYSTOD2XMAR10HY2EBMI8OP0TVR1QDSXHU40PVQ1E9Y0CQW2MVP41RKCAM4P NYCGGFWP8G0F JNRB4QWLLKIA SGCG495ULYBDR5BTEBSUCE0ER6THKR69KUN1MU8JNCLORQ8W5HM7DPT3C6KJR4L9ATV7E9GNVS51YH6DL65 WET43GH2OATE2EYCMEIE16G7DPGCHDMJ0HBXXBX9R69LBJIUBE9EB7PYV NK S0AP6QE9UUHC JBXVT5FNOXCEO5A5E8O1WPV2N3WWX1N9FK5TSQTU P2YUL9EK4JGK9C0T 06FAWQSVNM237 G0XYC7G33IW3WHS35M81AN3IP9JATQBAKPP7YUDY58LWHWVPP3KR6J9WEBAKY8NB02MB3IEY1NTIJ22KN0EBAE7J97S227RWJ0APV5XE6L4EYMULEIMHLQRCTJC4C7 53XSH0R4S8', '6Lnkv0NMpbvxfEa', 2, 2, 3, 'HY099LB1CCY3WCL')
insert into RoadmapStep (i_RoadmapStep, Roadmap, i_Roadmap, Classification, Name, Summary, ExecutionStatus, isStage, isState, t_Tree, GeneralStatus) values (3, 4, 9, 'IRCKWJDG8BVIJSDBNRWEBIIOXBHCMR', '5KPUXTC92P4A3BJLH5NX4H6VA4CEX3', 'JKT87I2H9ETN2MHQIOUNYLESRHMYD7 YEISMHBGKIFNOXCFWUW5H3UCV09VQ3528OS2X4FMGXP4KYGYAQIR2DSXSMBP3 XG6DNAOWWM7TO3WPC110F37IFD36DGD7FS1 OR0JOTX 8BTUB2IY1GEBQ6HPF6MVE26NYORVMVXQM681MK5F0USKG5WU PI8IG6XWXFPJPPXI N1DFLRK364DCDNWPEGCJP C83W2JU YQ7JLTMV6S0U442UGL9UD1NGK3LBTU4TH8RB8666UAGN73DLCJSO040J8RCX9FHUX2R648COYT8H27RMMKA8J2  DAFMUA14LME 0YDU79S93MX6TEOW5KV1IINGTT 382FJKMOOUC71IUP1TLM2 I6IH1EDFLQUVAATCTURFL7TIL1IYGE303JOL9QGRJVY305OTDK6X98N5X2HW4YG7USFIDDQVT2IRRP3DFQJQGAMF739TGUMDHT5DAPEPV878SF39DD0P04W6YLT75C48', '4VCeYBXLCRNKY', 6, 1, 1, 'T7U7RPUHF739I6K')
insert into RoadmapStep (i_RoadmapStep, Roadmap, i_Roadmap, Classification, Name, Summary, ExecutionStatus, isStage, isState, t_Tree, GeneralStatus) values (6, 7, 2, 'KTA5AGD4JWCXTP796A4LS54P3YYUR2', 'XVUVUJEGPTM8PT2PD58VJEAVPQG3NL', '3SQNSSI1HD586DNPWO9 I2L844J1LCGG YMADB9NOO3VQ9UR 0I7F5W9TGFL3F7KRQTKCLV6PH9Q3IQGVTHEX21VJJ OMR 0AQU8SOJ77AERN4HP2UG0Y59LYE8EYAE6SNOEK6K50PUAMU6AET9TBEUT4AQCPH4BPDYLAH7FALD2W00Y R73HF3VBLLH6KULQ RSFIT9GWEBBN8B6S7HUJC 2UF5KC94XPPB6WRV8QRKCE1XM6L1FQ AARE5QC7TKU XJ DBLDYTAMP69EC65LET267OFQDN7X9S8N4LU8UF9AJFC0WTNE0IU31A3ANCROSHUIGMIY0841VYBRA7E2C9APO00HUOBVBXPUT6F8DEJ53W0L 1L7UREBE87GU6BJ5KXJR0P KKWLKBGK3C921QEF0RIYKFHS35E6TPR9MPH Q60V5O5HJQVMUTJG TRXIVS KSAA598K1D9WBVT2V7MRS1N10PFFABKTLP7FB2Y9 O668AO0PKQQ9E1F', '4VCeYBXLCRNKY', 3, 4, 8, 'UH1NIPSIYXB4YJL')
insert into RoadmapStep (i_RoadmapStep, Roadmap, i_Roadmap, Classification, Name, Summary, ExecutionStatus, isStage, isState, t_Tree, GeneralStatus) values (1, 5, 5, 'IRCKWJDG8BVIJSDBNRWEBIIOXBHCMR', '7MCYCDJC3G 4MDMWNLMR1T0EJO FYM', 'OA2WTJY9KRS7SB6N3RWF2LT6N3LN7EN21PF22W G48JAROA W8XHJW42G VT2U7 51PWI8FB09AKY7C40LYBWRBWRCILVY7X388H5RX9WW2YNAAM1924W2VHD6RL4GY814P0J4SJL3BOOUTOLIK6V50C1E2JXBJY3H2XQB6XVQM B4C6EL1 NSTKLUAAT3SRI0JQCU0VLLXDGR6L5NC6K32 U7GX LC0G9N5II0KKBGGHVA4KNOIKMD2P5WL13NP7Q72WKNROJP0BXHKFLFX2B3X16BP7BVH2SAHOP7WWPF ESEGJACJ0KFBSSKP5C0OCR8JMYQ459OFRREVRIELX5APYAUB7NT8ETOMYT14EGTLUKLNWWWIT7E4HYNC25TSK3K6G6RCOKFWSAX7W0ET8C9CGYRR45DLBM2VHAAU0NFW3F5POCQ9AJ6RWC5P6DKM19PIWUSDIS0AWXQU681QK76FW36HLXAF8X801 7A9UL V4X3E Q98451L4GIBD', '2m ht RnG lAYqB', 4, 0, 5, 'T1L7WH188DO0TX5')
insert into RoadmapStep (i_RoadmapStep, Roadmap, i_Roadmap, Classification, Name, Summary, ExecutionStatus, isStage, isState, t_Tree, GeneralStatus) values (8, 8, 6, '9KWVQR57H0NA6BDY4AJBSWV8D903WD', 'L3YQ0331 XD0I838S1FJYKRE PYWAB', '8V5WY562U1FFALPP6F4BV40TU5QV PVI3NSQV0XH75SBK4WA90MF49RPLKSTX0D6TN  YWWFOPN7G4F77ISDGFX1WPOCNW1D J13669FYR27QIYS7OMAP9R9L6OVC31UD5RWAUBX2KLV1T4BPEQQI3KSVUN4  IE3EHMUHE8AIA7O7MYFP8MBVPU4NYBCJOLIH2Y5HUJ74TJSJ8SETPAC8HN2OGYWGS ANXVBQ00M3BOAAMSW2CJJHA8P9K2 140CC W6WAPQAITWNNVJ1UIOJLNBSA1OA 0X5OVF74IXQKI3D2S5BFRC1SSGU2NUTN9JU12IM0BVK9S4 SBVTV9U7EEX7Y46YKVXBK6NPEWL4W00LN04HGDAYW9USG01N2Y5MC8TQVVAW91MYLDMF XLVVYOLPEPHLFL0XRUJXUKHP1JIJVC0U3E6V00U9M5QM7UUFN8Q7A6P3O5DGTJOWH6QIVVYAL5CN2TNJ7EHAK9IVXMADGS0J264FUHEGGAU', '8TAxbLQxI8UEryW', 8, 9, 0, 'S 4B2VLV4KRIO6J')
insert into RoadmapStep (i_RoadmapStep, Roadmap, i_Roadmap, Classification, Name, Summary, ExecutionStatus, isStage, isState, t_Tree, GeneralStatus) values (7, 8, 7, 'IRCKWJDG8BVIJSDBNRWEBIIOXBHCMR', 'WQ81 526IUO31WJV6TE0JEWBF1I67W', '5OQ5F4FPV 7 XAWNBWWSRAEHA7CW XUIQN04SI8VMRNERJPIC7YX0XNOS2A9K  6XHENVXJ69XJ5DYLLKCEJB9J8OIEII4LGDK UG8RGIK4UB7SA35VT7VDBPI0SM6CIQ800UU686KW7LBFL4EB7QSCQNWTD7FQ7NO4NVFUL2QN3USB8TR 7JICXCGPR3I02V26DX5KD0TFK7G4JFUEJQU33OWXKQI584EB VKX1VFMTAM9H63B2 13 IRYJ1X J4L D5NBOL3U7CYWQDXUTHRL0RKJNFM4IRJXPRQW32B080J2LBMCY 3OCEPRYXXX8T 365MLP9EBKMWH2DDGTPH4ODHXP0IJI5JS8CG4K7M81XWPQWC3VHUKGQ4PBRHWUOTLEYT0GX4IM7W1WCHGSLFERHPYCRCP9B9BF QJRG07GDKMI4Q0CXYT9QBUH31GL19474KRJV8MTQ1B3QYKIUHRELTVMFVG8U2DQI4JHCOD69VT NV5E9KY653RSXL', '2m ht RnG lAYqB', 0, 3, 2, 'QUP3T72C30ITH48')
insert into RoadmapStep (i_RoadmapStep, Roadmap, i_Roadmap, Classification, Name, Summary, ExecutionStatus, isStage, isState, t_Tree, GeneralStatus) values (2, 4, 8, 'HM RVI158NICY1SRQUDUJSI0NX KAA', 'OIBGVOQ EV2KCTJ6 FW2XMKIPF  1U', 'Q9PWS7SMHY05B3CYJ1F329N2XBMVI49B5EPUB 6O001BNEYMQTM6YIYC047SG0QLB2XV7KGABAOTSYMOEJULORP38N4F6Y1DM9HY MVWD544HUD8C2PPFQXGHJN7JJJ09QJUHY8BXKPOQARU4 WRNC7YE31JON1A7S8ATIWTJ6PSTPVI3F3X2LNJFANO16VC6ISWAGP1GCBLCKE80APQVKRSUSBAYSQHG7M120UYCH2OCSYXEVV31SDV  J9QK54HOPQW6KNS98TKEGN3H57VC1GI8XH42JC7MS4PG9Q7X6 6YE8V0CQKTA6VG1LM3RTXBCYG2D22CME0G03K3NJW6I9KGRB9VHT0W65NP5AV9KCABDF3DHK6TSM1X5KKY4BWFCQDGKN5D8BTB9YDCI 6I UXHNCMEWXYV6 7TF G86X QC4AFR2AFT5QOXX1LSVO4B89NAWCA60N4Y1V GBE7QE3XXO DL4K O17AHLI EH8J9G385AWTX6NJW3', 'uLo984asn1j7kto', 5, 7, 4, 'QVDQ1OJ I565WJG')
go
set identity_insert RoadmapStep off
go

set identity_insert [Server] on
go
insert into [Server] (i_Server, Stereotype, Name, [Profile], Roadmap, NetworkName, IP, HardwareServer, GeneralStatus) values (2, 3, 'QQSYKLM2X5IH6N02IP8V0KAE5DQW02', 8, 7, 'PE83BMXRPMC31H01G21EPH3MBMX0Q0QY6Y1 40DKDQ0BD GDJFQQNOBM0SRWXC', 'UF5SQP0HAG1LV4V', 2, 'OXRBNSILV8F2MST')
insert into [Server] (i_Server, Stereotype, Name, [Profile], Roadmap, NetworkName, IP, HardwareServer, GeneralStatus) values (4, 2, 'QQSYKLM2X5IH6N02IP8V0KAE5DQW02', 6, 3, 'PE83BMXRPMC31H01G21EPH3MBMX0Q0QY6Y1 40DKDQ0BD GDJFQQNOBM0SRWXC', '7A9S3B4W7UJBPSB', 9, 'RI0HU4QPSM4B940')
insert into [Server] (i_Server, Stereotype, Name, [Profile], Roadmap, NetworkName, IP, HardwareServer, GeneralStatus) values (9, 7, 'QQSYKLM2X5IH6N02IP8V0KAE5DQW02', 4, 4, 'PE83BMXRPMC31H01G21EPH3MBMX0Q0QY6Y1 40DKDQ0BD GDJFQQNOBM0SRWXC', 'CVAJ1WK7BN04L3O', 5, 'BEELB541KDAGRG ')
insert into [Server] (i_Server, Stereotype, Name, [Profile], Roadmap, NetworkName, IP, HardwareServer, GeneralStatus) values (6, 4, 'QQSYKLM2X5IH6N02IP8V0KAE5DQW02', 7, 5, 'PE83BMXRPMC31H01G21EPH3MBMX0Q0QY6Y1 40DKDQ0BD GDJFQQNOBM0SRWXC', 'R4WMWC1OSD3YPH0', 4, 'RI0HU4QPSM4B940')
insert into [Server] (i_Server, Stereotype, Name, [Profile], Roadmap, NetworkName, IP, HardwareServer, GeneralStatus) values (0, 0, 'QQSYKLM2X5IH6N02IP8V0KAE5DQW02', 9, 8, 'PE83BMXRPMC31H01G21EPH3MBMX0Q0QY6Y1 40DKDQ0BD GDJFQQNOBM0SRWXC', '1SXVISIYFGSFE35', 2, 'W O955NXJG70UUG')
insert into [Server] (i_Server, Stereotype, Name, [Profile], Roadmap, NetworkName, IP, HardwareServer, GeneralStatus) values (5, 5, 'QQSYKLM2X5IH6N02IP8V0KAE5DQW02', 7, 1, 'PE83BMXRPMC31H01G21EPH3MBMX0Q0QY6Y1 40DKDQ0BD GDJFQQNOBM0SRWXC', 'X528M7G6IU 0PNQ', 1, 'W O955NXJG70UUG')
insert into [Server] (i_Server, Stereotype, Name, [Profile], Roadmap, NetworkName, IP, HardwareServer, GeneralStatus) values (1, 8, 'QQSYKLM2X5IH6N02IP8V0KAE5DQW02', 1, 1, 'PE83BMXRPMC31H01G21EPH3MBMX0Q0QY6Y1 40DKDQ0BD GDJFQQNOBM0SRWXC', '8ENIL3HRMGJ6IS5', 3, 'SSVAC8I6 RLLAVI')
insert into [Server] (i_Server, Stereotype, Name, [Profile], Roadmap, NetworkName, IP, HardwareServer, GeneralStatus) values (7, 9, 'QQSYKLM2X5IH6N02IP8V0KAE5DQW02', 8, 2, 'PE83BMXRPMC31H01G21EPH3MBMX0Q0QY6Y1 40DKDQ0BD GDJFQQNOBM0SRWXC', 'ABMBD7LOO82DXML', 8, 'BEELB541KDAGRG ')
insert into [Server] (i_Server, Stereotype, Name, [Profile], Roadmap, NetworkName, IP, HardwareServer, GeneralStatus) values (8, 1, 'QQSYKLM2X5IH6N02IP8V0KAE5DQW02', 1, 1, 'PE83BMXRPMC31H01G21EPH3MBMX0Q0QY6Y1 40DKDQ0BD GDJFQQNOBM0SRWXC', 'H4KEM 8NIE64RRX', 1, 'SYUWJO6AK3CVJIX')
insert into [Server] (i_Server, Stereotype, Name, [Profile], Roadmap, NetworkName, IP, HardwareServer, GeneralStatus) values (3, 6, 'QQSYKLM2X5IH6N02IP8V0KAE5DQW02', 2, 4, 'PE83BMXRPMC31H01G21EPH3MBMX0Q0QY6Y1 40DKDQ0BD GDJFQQNOBM0SRWXC', '9CDB2BRB5K6536T', 3, 'RI0HU4QPSM4B940')
go
set identity_insert [Server] off
go

set identity_insert BusinessUnit on
go
insert into BusinessUnit (i_BusinessUnit, Stereotype, Organization, Name, BusinessUnitType, Roadmap, BusinessLeader, TechnologyLeader, OperationsLeader, ApplicationProfilePerson, ServerProfilePerson, ApplicationProfileStatus, ServiceProfileStatus, ServerProfileStatus, ServicesProfilePerson, ApplicationsProfileDate, ServersProfileDate, ServiceProfileDate, GeneralStatus) values (6, 2, 1, 'XITGVXO09XXXCOYP2JRYGJBPJ8FULP', 'OwEsMR g ZXC', 6, 2, 1, 0, 4, 8, 'wiAFcAcKM1m3oZL', '0m7IM734uGNbR4H', 'VNGyF2sBEWaI0EH', 0, '2000-3-22', '2000-6-19', '2000-7-16', 'M9NF I8N25515EW')
insert into BusinessUnit (i_BusinessUnit, Stereotype, Organization, Name, BusinessUnitType, Roadmap, BusinessLeader, TechnologyLeader, OperationsLeader, ApplicationProfilePerson, ServerProfilePerson, ApplicationProfileStatus, ServiceProfileStatus, ServerProfileStatus, ServicesProfilePerson, ApplicationsProfileDate, ServersProfileDate, ServiceProfileDate, GeneralStatus) values (5, 1, 5, 'XITGVXO09XXXCOYP2JRYGJBPJ8FULP', 'RGXvgcGXXgfL', 8, 4, 6, 5, 6, 6, 'pc8NdModjsD3puH', 's26VEtr9BQwFXKR', '3PtRNS KRlKaS7X', 8, '2000-3-1', '2000-7-13', '1999-12-31', '08BX0B9V7FLVAOX')
insert into BusinessUnit (i_BusinessUnit, Stereotype, Organization, Name, BusinessUnitType, Roadmap, BusinessLeader, TechnologyLeader, OperationsLeader, ApplicationProfilePerson, ServerProfilePerson, ApplicationProfileStatus, ServiceProfileStatus, ServerProfileStatus, ServicesProfilePerson, ApplicationsProfileDate, ServersProfileDate, ServiceProfileDate, GeneralStatus) values (8, 5, 1, 'XITGVXO09XXXCOYP2JRYGJBPJ8FULP', 'LnIcenTXoueu', 4, 5, 9, 1, 4, 0, 'wiAFcAcKM1m3oZL', 's26VEtr9BQwFXKR', 'wiAFcAcKM1m3oZL', 9, '2000-5-25', '2000-2-12', '2000-3-13', 'M9NF I8N25515EW')
insert into BusinessUnit (i_BusinessUnit, Stereotype, Organization, Name, BusinessUnitType, Roadmap, BusinessLeader, TechnologyLeader, OperationsLeader, ApplicationProfilePerson, ServerProfilePerson, ApplicationProfileStatus, ServiceProfileStatus, ServerProfileStatus, ServicesProfilePerson, ApplicationsProfileDate, ServersProfileDate, ServiceProfileDate, GeneralStatus) values (3, 0, 0, 'XITGVXO09XXXCOYP2JRYGJBPJ8FULP', 'LnIcenTXoueu', 7, 2, 1, 5, 0, 8, 'pIkgj7mWrW09U8e', 'wiAFcAcKM1m3oZL', 'wiAFcAcKM1m3oZL', 8, '2000-5-2', '1999-12-31', '2000-6-30', 'SYUWJO6AK3CVJIX')
insert into BusinessUnit (i_BusinessUnit, Stereotype, Organization, Name, BusinessUnitType, Roadmap, BusinessLeader, TechnologyLeader, OperationsLeader, ApplicationProfilePerson, ServerProfilePerson, ApplicationProfileStatus, ServiceProfileStatus, ServerProfileStatus, ServicesProfilePerson, ApplicationsProfileDate, ServersProfileDate, ServiceProfileDate, GeneralStatus) values (1, 8, 4, 'XITGVXO09XXXCOYP2JRYGJBPJ8FULP', 'AfkZdtRylDWK', 3, 1, 2, 2, 9, 0, '0m7IM734uGNbR4H', 'ff7P4ovb4nh5Jrf', 'ff7P4ovb4nh5Jrf', 5, '2000-7-20', '2000-3-20', '2000-1-17', 'RI0HU4QPSM4B940')
insert into BusinessUnit (i_BusinessUnit, Stereotype, Organization, Name, BusinessUnitType, Roadmap, BusinessLeader, TechnologyLeader, OperationsLeader, ApplicationProfilePerson, ServerProfilePerson, ApplicationProfileStatus, ServiceProfileStatus, ServerProfileStatus, ServicesProfilePerson, ApplicationsProfileDate, ServersProfileDate, ServiceProfileDate, GeneralStatus) values (9, 9, 2, 'XITGVXO09XXXCOYP2JRYGJBPJ8FULP', 'YljCDAmZCiQD', 9, 5, 0, 5, 0, 5, 'pIkgj7mWrW09U8e', 'pc8NdModjsD3puH', 'wiAFcAcKM1m3oZL', 5, '2000-6-28', '2000-1-21', '2000-5-21', 'SYUWJO6AK3CVJIX')
insert into BusinessUnit (i_BusinessUnit, Stereotype, Organization, Name, BusinessUnitType, Roadmap, BusinessLeader, TechnologyLeader, OperationsLeader, ApplicationProfilePerson, ServerProfilePerson, ApplicationProfileStatus, ServiceProfileStatus, ServerProfileStatus, ServicesProfilePerson, ApplicationsProfileDate, ServersProfileDate, ServiceProfileDate, GeneralStatus) values (2, 7, 0, 'XITGVXO09XXXCOYP2JRYGJBPJ8FULP', 'AfkZdtRylDWK', 8, 1, 8, 0, 9, 2, 'wiAFcAcKM1m3oZL', 'pc8NdModjsD3puH', 's26VEtr9BQwFXKR', 3, '2000-2-12', '2000-9-20', '2000-10-4', 'BEELB541KDAGRG ')
insert into BusinessUnit (i_BusinessUnit, Stereotype, Organization, Name, BusinessUnitType, Roadmap, BusinessLeader, TechnologyLeader, OperationsLeader, ApplicationProfilePerson, ServerProfilePerson, ApplicationProfileStatus, ServiceProfileStatus, ServerProfileStatus, ServicesProfilePerson, ApplicationsProfileDate, ServersProfileDate, ServiceProfileDate, GeneralStatus) values (7, 3, 4, 'XITGVXO09XXXCOYP2JRYGJBPJ8FULP', 'AfkZdtRylDWK', 2, 5, 4, 6, 4, 1, 's26VEtr9BQwFXKR', 'ff7P4ovb4nh5Jrf', 'wiAFcAcKM1m3oZL', 6, '1999-12-31', '2000-5-7', '2000-4-11', 'PQ6RSW30UP1GSFI')
insert into BusinessUnit (i_BusinessUnit, Stereotype, Organization, Name, BusinessUnitType, Roadmap, BusinessLeader, TechnologyLeader, OperationsLeader, ApplicationProfilePerson, ServerProfilePerson, ApplicationProfileStatus, ServiceProfileStatus, ServerProfileStatus, ServicesProfilePerson, ApplicationsProfileDate, ServersProfileDate, ServiceProfileDate, GeneralStatus) values (4, 6, 3, 'XITGVXO09XXXCOYP2JRYGJBPJ8FULP', 'RGXvgcGXXgfL', 8, 5, 9, 9, 5, 0, 'VNGyF2sBEWaI0EH', 's26VEtr9BQwFXKR', '0m7IM734uGNbR4H', 5, '2000-9-27', '2000-8-11', '2000-8-28', 'PQ6RSW30UP1GSFI')
insert into BusinessUnit (i_BusinessUnit, Stereotype, Organization, Name, BusinessUnitType, Roadmap, BusinessLeader, TechnologyLeader, OperationsLeader, ApplicationProfilePerson, ServerProfilePerson, ApplicationProfileStatus, ServiceProfileStatus, ServerProfileStatus, ServicesProfilePerson, ApplicationsProfileDate, ServersProfileDate, ServiceProfileDate, GeneralStatus) values (0, 4, 1, 'XITGVXO09XXXCOYP2JRYGJBPJ8FULP', 'DmpiPnZChJhK', 5, 2, 4, 4, 8, 8, '0m7IM734uGNbR4H', '3PtRNS KRlKaS7X', '0m7IM734uGNbR4H', 8, '2000-8-28', '2000-4-13', '2000-2-27', 'M9NF I8N25515EW')
go
set identity_insert BusinessUnit off
go

set identity_insert [Application] on
go
insert into [Application] (i_Application, Stereotype, Name, ApplicationType, Roadmap, [Profile], BusinessUnit, MissionLevel, DownThreshold, RecoveryLevel, Business_ProductManager, Business_OperationsManager, Business_ApplicationManager, Tech_CustomerAgent, Tech_OperationsManager, Tech_ApplicationManager, Tech_ProductManager, GeneralStatus) values (2, 4, '8EGRELWMQDBSASETOC 8CV2IBKIBBI', 'WjJqqxQfgRTw', 6, 3, 9, 'PcH KXxdhllq', 'AuoMLfNBw Wy', 'REoommvlZb', 3, 4, 3, 5, 0, 5, 5, 'W O955NXJG70UUG')
insert into [Application] (i_Application, Stereotype, Name, ApplicationType, Roadmap, [Profile], BusinessUnit, MissionLevel, DownThreshold, RecoveryLevel, Business_ProductManager, Business_OperationsManager, Business_ApplicationManager, Tech_CustomerAgent, Tech_OperationsManager, Tech_ApplicationManager, Tech_ProductManager, GeneralStatus) values (3, 1, '8EGRELWMQDBSASETOC 8CV2IBKIBBI', 'QwdjtMJFGNxJ', 1, 4, 5, 'MI nwehKMs o', 'UbSmTaEVdQxU', 'BxHlcEsUcGgw', 5, 3, 8, 4, 1, 2, 6, 'M9NF I8N25515EW')
insert into [Application] (i_Application, Stereotype, Name, ApplicationType, Roadmap, [Profile], BusinessUnit, MissionLevel, DownThreshold, RecoveryLevel, Business_ProductManager, Business_OperationsManager, Business_ApplicationManager, Tech_CustomerAgent, Tech_OperationsManager, Tech_ApplicationManager, Tech_ProductManager, GeneralStatus) values (9, 6, '8EGRELWMQDBSASETOC 8CV2IBKIBBI', 'QwdjtMJFGNxJ', 2, 1, 9, 'HKFHDvllaPXv', 'MuOqbhhsCBvk', 'REoommvlZb', 8, 2, 4, 3, 9, 1, 9, 'SYUWJO6AK3CVJIX')
insert into [Application] (i_Application, Stereotype, Name, ApplicationType, Roadmap, [Profile], BusinessUnit, MissionLevel, DownThreshold, RecoveryLevel, Business_ProductManager, Business_OperationsManager, Business_ApplicationManager, Tech_CustomerAgent, Tech_OperationsManager, Tech_ApplicationManager, Tech_ProductManager, GeneralStatus) values (0, 0, '8EGRELWMQDBSASETOC 8CV2IBKIBBI', 'LpekqwLoQuoH', 9, 7, 5, 'WtGWxkCKeyUA', 'QYqttYvVVpSY', 'REoommvlZb', 8, 3, 6, 6, 9, 5, 1, 'PQ6RSW30UP1GSFI')
insert into [Application] (i_Application, Stereotype, Name, ApplicationType, Roadmap, [Profile], BusinessUnit, MissionLevel, DownThreshold, RecoveryLevel, Business_ProductManager, Business_OperationsManager, Business_ApplicationManager, Tech_CustomerAgent, Tech_OperationsManager, Tech_ApplicationManager, Tech_ProductManager, GeneralStatus) values (6, 8, '8EGRELWMQDBSASETOC 8CV2IBKIBBI', 'WFifgGEAbbLO', 5, 2, 7, 'ZVrOWxagEPZP', 'UbSmTaEVdQxU', 'LUQhVRINLJYd', 6, 2, 8, 6, 0, 8, 2, '08BX0B9V7FLVAOX')
insert into [Application] (i_Application, Stereotype, Name, ApplicationType, Roadmap, [Profile], BusinessUnit, MissionLevel, DownThreshold, RecoveryLevel, Business_ProductManager, Business_OperationsManager, Business_ApplicationManager, Tech_CustomerAgent, Tech_OperationsManager, Tech_ApplicationManager, Tech_ProductManager, GeneralStatus) values (8, 7, '8EGRELWMQDBSASETOC 8CV2IBKIBBI', 'RhLDnVMJOOyj', 9, 6, 3, 'ZVrOWxagEPZP', 'UjIrweakvNov', 'GahhkxvQOTJl', 8, 5, 4, 9, 3, 9, 8, 'M9NF I8N25515EW')
insert into [Application] (i_Application, Stereotype, Name, ApplicationType, Roadmap, [Profile], BusinessUnit, MissionLevel, DownThreshold, RecoveryLevel, Business_ProductManager, Business_OperationsManager, Business_ApplicationManager, Tech_CustomerAgent, Tech_OperationsManager, Tech_ApplicationManager, Tech_ProductManager, GeneralStatus) values (1, 2, '8EGRELWMQDBSASETOC 8CV2IBKIBBI', 'QVMvCaxmohqH', 7, 0, 9, 'LoFNlEmvNFsP', 'UbSmTaEVdQxU', 'LfTySTTAQLAZ', 8, 5, 9, 2, 2, 3, 6, 'SSVAC8I6 RLLAVI')
insert into [Application] (i_Application, Stereotype, Name, ApplicationType, Roadmap, [Profile], BusinessUnit, MissionLevel, DownThreshold, RecoveryLevel, Business_ProductManager, Business_OperationsManager, Business_ApplicationManager, Tech_CustomerAgent, Tech_OperationsManager, Tech_ApplicationManager, Tech_ProductManager, GeneralStatus) values (5, 5, '8EGRELWMQDBSASETOC 8CV2IBKIBBI', 'RhLDnVMJOOyj', 4, 8, 8, 'H  eblxbYchp', 'UjIrweakvNov', 'REoommvlZb', 5, 1, 1, 9, 6, 1, 4, 'M9NF I8N25515EW')
insert into [Application] (i_Application, Stereotype, Name, ApplicationType, Roadmap, [Profile], BusinessUnit, MissionLevel, DownThreshold, RecoveryLevel, Business_ProductManager, Business_OperationsManager, Business_ApplicationManager, Tech_CustomerAgent, Tech_OperationsManager, Tech_ApplicationManager, Tech_ProductManager, GeneralStatus) values (7, 9, '8EGRELWMQDBSASETOC 8CV2IBKIBBI', 'QVMvCaxmohqH', 8, 8, 8, 'ZVrOWxagEPZP', 'AuoMLfNBw Wy', 'ZXrBUPlBceeI', 4, 1, 5, 4, 3, 5, 0, 'M9NF I8N25515EW')
insert into [Application] (i_Application, Stereotype, Name, ApplicationType, Roadmap, [Profile], BusinessUnit, MissionLevel, DownThreshold, RecoveryLevel, Business_ProductManager, Business_OperationsManager, Business_ApplicationManager, Tech_CustomerAgent, Tech_OperationsManager, Tech_ApplicationManager, Tech_ProductManager, GeneralStatus) values (4, 3, '8EGRELWMQDBSASETOC 8CV2IBKIBBI', 'QwdjtMJFGNxJ', 8, 4, 6, 'ZVrOWxagEPZP', 'UbSmTaEVdQxU', 'ZXrBUPlBceeI', 9, 6, 1, 0, 0, 1, 4, 'RI0HU4QPSM4B940')
go
set identity_insert [Application] off
go

set identity_insert BusinessService on
go
insert into BusinessService (i_BusinessService, Stereotype, Name, BusinessUnit, BusinessServiceType, Roadmap, Summary, GeneralStatus) values (9, 5, 'C 9N AQHCMVY9CWVWXRIM2DJIV PG3', 4, 'HMA3HT181VKRI8K', 0, 'X6UXXIQ36 185PYK WUDXWEBO95CK4 GBG7XPL0Q81C2 FAJTNE1YGF3EAP1VC2J4DTHTGDL7JM4TBNR2OEC9P06R38N6F87GV96VMMG 39GMPAOMMA6F25  KG3W5E  7U8HGWAYQEUDVRXVHA22V31OX YM7SJW4PGA8J64W1P5WV8SOG7WDB03T3IV7URVPSE 69DVFV2YWQJU JGLPNQX8YK8LBN7HQ9BDYBAKFOYRRY1N6BWY78GQCU8BLE2U UVKUY W9ELOXBOYK2BMH A6T8X4FR NSHIVMOMQ0J84K 86EVM8CFWSB  JHAKUJ3O3767WEUUTL4QG773IWNJ1L78556M72GE9RCCQOY H3LWXVOW2IQ85D WSC Q6963LWFH83AG QM8E9YJP57SWF6DCHL9X0SCGT5S2WABCRV AAGTC8VSSJPEYIFF69R2C9KAHG7XPVF7PXNQ3S3MYKAYUX93EYEHXG7OJ3AXFBQPE5SO5AJF7DK', '7IGELNP84O28LKI')
insert into BusinessService (i_BusinessService, Stereotype, Name, BusinessUnit, BusinessServiceType, Roadmap, Summary, GeneralStatus) values (6, 2, 'C 9N AQHCMVY9CWVWXRIM2DJIV PG3', 1, '77LS7VAVPJ4 RNL', 3, 'BGS81M40107XKS7M80WP5TY38YSB5 T42BMXQNSQILS28J7721YLVYFOB1VYIEVF16IDIT NXT3CTQH XDA43MLL35NCY7GUDW3XD8UPLYHW6YKSIXCCR5KQ04SUTTLNGIIE7KFU5GU7 FYCXU TLKIYU F54CB1 8G0M7YSGXM8O46AHCOE5LL0LXAFQHM4WC3D15KAO5TBIIS6SXFL JKBM68NMVHF8HM3IW8 V6HVEGQ3POAIY2CL5E2VG7933SED06WKW0E2NIHNJ8T3Q3TG7FDU8Y16J42 CIN3DDTM7KHFKLYKN 3OL15Y4TWMUP7KT7RXG63QPTHITQ3   N8PC57DF8KW73ESIUORVD7YCI3 1GY4B58F0V97APB4NUHNJP F5JLM4UJ670QG0L 5XMFWV7AFICERCIP59C0K11E5EJAE4AWVJIPQJ03AN8FKWNV5R89KW A38L8EHRJ1MER2HLHPC IK0UM7OHUIFT2RMISXYUPOEYU', 'AARAXF RNDN7PD3')
insert into BusinessService (i_BusinessService, Stereotype, Name, BusinessUnit, BusinessServiceType, Roadmap, Summary, GeneralStatus) values (0, 3, 'C 9N AQHCMVY9CWVWXRIM2DJIV PG3', 4, 'WU F 58BF0I1Q5W', 2, '8WPC69R87G1BJD3V77YQH0DWI8O8DFKXNUGRRGMT1VIF0OY3NQ3E1444PXM85QIMRA6Y2GC6NWTKYTN0PH7DT6DO1JDWNRP6 3GA65GULXQJ8DJNEQL5NRMG6JXL1C0JT19BSUC1IED9AFSSQRRA0W4 Q9GUXNX9TUQP274N1L4W1DDUPOLKT UGCWJCKDTLI3CBPEO5VPONX21UFJ4XJUMQROYXOJREH9U5YXRRQTX 0R8J ASG7O0BPKSKILQ9CRACLPSADY4FR3BAIT9DC5FDXLFGWFDBQXY9X209K0SRA4B35VH20AYP7MHV585ICYGBTQIS3UOT6B3P33O3UIJTEDX95QAAV O6LW2OT5WNJKBEL4D6 OWTCKYA8 UU21RM539ENKRH14C7VDD511IHXS1OEGM0P24KY8J2FNXNVPFS8BQ199M92JYF1279KWI4YQ F4UBNRCJF06U0CFCAQ6RK52YQIAWJNDLYOH36YLF4I7AEK F9W1TC97', 'DOUCCVKCSR5M6KU')
insert into BusinessService (i_BusinessService, Stereotype, Name, BusinessUnit, BusinessServiceType, Roadmap, Summary, GeneralStatus) values (4, 8, 'C 9N AQHCMVY9CWVWXRIM2DJIV PG3', 8, '4VCSXGXLQLQNV8K', 9, '17DWL8191P4TR07BMG5H2QQTKNKCP7GJE63A5RP1VFH117VUHRB1BL483HS6CO8MPQJXFUQOCIS70TRV3XHSJSLV7INLXGSCHMP7HDPKJ05A 6AKBK3KIBKWV48IVFO119LDTCTIANO6JQCEUXO499XRTBORXN5GDR6N10RP8RJNK2CC5XR25V5EJT6358VOCTK35NOSREXF8Y9PE3WYQM64DYX5TL3BLUSQESDS38030BN9OOO9Y1JNEQ5HJ5KAIV0GB4337L35K7H5PISBYW94GU3K5MLX9LB3PEOJTGF1YVCY36TF72Y26K3RTS01TEYDNNFDGIC1FPCL8TIPELOE1XFCYL6RYA3WJ 79H05FL73H6AL9LP2J7IHHA6 O6XY61NG8 X8AA4RCW3S32RB5OMNATTVRRMVP352RTW0PNA0F3EW3E93G87BQSXQEUE2SV0IPN7WL2P3A8 Q0GVN0EV PR44FAVXPX1SBXQDT8JQXKC5MDHQSIU21L4', 'ER4GM9FIIPL3NRP')
insert into BusinessService (i_BusinessService, Stereotype, Name, BusinessUnit, BusinessServiceType, Roadmap, Summary, GeneralStatus) values (3, 7, 'C 9N AQHCMVY9CWVWXRIM2DJIV PG3', 2, '0WY5EVBDYRC6M26', 1, '1 QBTK04F9U2X4647R5K0GK0M5P25FDU0PLQ3H6BHOGH263XDKTH93RM5WU3PHIB4L4O8DSVI0IVEJKKJL5HTXWMO8M5DQOT02AGN6G4O5KRHQDWLFJOOB9G3PI4QMVMS WYVM4NMF0EY3NTY45UTFFRSDPJFH9C4IGSDEW3IIXLGYSFJ4YBAH6APM9M3KGM9CC5R5CC1K9XOGE0T8N85HNYDA 6H 6AVHOYKB4EH2OJCQGYTPR8ID7UQKEQATKCAFCQGCBDMYN96S7V18LRH1K6D3XGB0  A 1O0I8MQKGM J4GKU7T98MECWO6AG2F6F8O 3GMNN3QKT0L  G20MN 9GMB4WQ7UF5805VYRBEFRBYCFK W T5P9LE2L26XO3TIWRLG 5 4GP9WJU79E9XE JJ7MHYCKU2BCU40P37YIHLMJHBUJD22N B55PSF0MG6884SXI7PW5V03MAXRFVX 0R032Q8 OE7BPM 46 SL0APIQWIEN2972PJGX', 'GNNOM  5 5YMG02')
insert into BusinessService (i_BusinessService, Stereotype, Name, BusinessUnit, BusinessServiceType, Roadmap, Summary, GeneralStatus) values (8, 6, 'C 9N AQHCMVY9CWVWXRIM2DJIV PG3', 2, 'HMA3HT181VKRI8K', 5, '5  Q 6IWW0B97BKCALKPO7T5IK60R58GM52W7LPDIF1CE UANLJVXAGXFH66CXGT38TNRITMA0GFU8IYFVAXTPQWAU17MK9 OYCY4QT DK3WL3MBXP6 604XVK79IHOWW6A4LNOR565KI9C8QJ5LPI4P8SJRTPWFH UV7DF5C0BM84SHR MPT2BWORIP W3AEHOCTL38WFSO5O6S4TKMR971TX3CDGF411131QT01WARGNPRBXH3KAGLKUSF1C5IX5P1ATNDC44B5BMV1EEB 1NX29N2U9IWXHYKQKS6LW35XQ8KBGWSM1GBR28UGHUN7TNFCBE3W6IIDHS4FI2ITHKVFANN90F2744SU3NSM4A1SWOUX2IUQ7QQ26JUHHNAMJA8TKURE SS9X9SPTEK8POVY22746VEGBJQI26G78X7O7X1UNGV2476NHXUX1JGYWUN1K089F86P 5ISKUCPA4F23CE3APVOU9POB0CNYR7C37QCYEOACBQ2S1B', '7A6IN4ASEPEMD8U')
insert into BusinessService (i_BusinessService, Stereotype, Name, BusinessUnit, BusinessServiceType, Roadmap, Summary, GeneralStatus) values (7, 1, 'C 9N AQHCMVY9CWVWXRIM2DJIV PG3', 7, '4VCSXGXLQLQNV8K', 4, '0PI 3GURIWAVP83F1I4G856DKJUEEESWTGI4L48QW054G2OXRFQ7BQV7VIA750M 153CBTL7BNW9H CL2GMNYV4K6OPHPU6S9AXWT0 F6N7PYTLYK0LK189KFFBNXHX73B 38I4C0UY GXT9UIRWXUHYMWPD7X3R6KJIAILIAVCR705CK9HRM4Q5UBNDILQO5A1T5OQ6LDTVW5HPFFGEJWQ63PAKCALRRMDUJ2O7IS5DSWHL44K8OF0SI 02O8BJPMJKS4B5NLDEN5ORFD3UMDVC71G42387Q9 6MOB8O1R8R9AR42JYESCVDNN2LUGIPEBXF06B7EYE0 CQ 0OFM5A16GQIT   DSGC0S3V0RSHQFNFVYKCDBE8U2B4XBGRN5M0T354T5G9T5UDOKKWDJ0ENX4SK4DKE1BPPD3UDJDQQ49NABCERKE8UH8IX11XIYBC7KKKHR9XEP30MOREAFH1R 2GQ5GV BN29XXD J35COAXN11K6N2RRN7Y9Y', 'KR6 J8XKFATFI56')
insert into BusinessService (i_BusinessService, Stereotype, Name, BusinessUnit, BusinessServiceType, Roadmap, Summary, GeneralStatus) values (2, 9, 'C 9N AQHCMVY9CWVWXRIM2DJIV PG3', 4, 'PF45YMIG192XIGA', 6, '1O56DQJ8HX7ON2W4LHBBH8DJN79BQEF3MUDBF5VN82AAJMKYALQSM4CWTCO3SI68O08UP4781D3AQ94L82SA6IKCE76QRHQ1JG3T18 TOR1Q5EN VR33FU 6RTY1I 8DUMUU5QQ55C 5J1BWYQU F6NLMEN7MDT1F3YSGI UTFFEFWA5J4Q108LOX9IVJQNPD154BH9DBV3BRCUB0UTFWEXX80FN  EALBBTBHET68NBY1JREB7ROP6152AJ2E YOSPGM8EH0NXI5PG59UE03EHE1WUC5C7X6 WKW Q9GNLANPQ9D6DGB7X08QOQJ6CL7X8BTW27K53KQCT24GT6KQV0L610M3 ICXVK43HH IK TQFODBBS1I0MJB34Q7 CRSQTJI8IVH2V81IELO4N2 8C0MNP9LFY6PH8W2XRY9B5G7DMPYDQWISRFXF P6SES8ML KEXFCWDV4LY7YXOWB5LTITXGUQRDEFDOOTV2S4V1MY53UFREK5SP224', 'RBMSMP8FP9YW4DL')
insert into BusinessService (i_BusinessService, Stereotype, Name, BusinessUnit, BusinessServiceType, Roadmap, Summary, GeneralStatus) values (5, 0, 'C 9N AQHCMVY9CWVWXRIM2DJIV PG3', 3, 'YGARSERV1UQ4OJG', 7, '2B8F6MXPT1KI5W3IEEL3Y9B UCSD4N7S09KV0OXDC5D1HIQVJ3WUT7SWMLFMOR UW98P9R2T6F8RHSP607LNC2US76QUIAYTBS3PSKO3B8D3YBHBG6LTNP9L3XKM7JHXV78VY1  RRDOD59THC5WECMVSH4N08P17U19ROXWJ619NO3VRYSLTM8VVGUQLGJP1V55NA7VQJHSAORB 4BQMK9GVDJW7QN12EJYN4CNFS3BAFUPWXSB3MJ6GL7AM1IX0GE98UNLQRK46IQ6ACMG0OS98G596MDUOWASIH6PU8UJ00KIW8GIQ HJX6 8OABXWLYE2JSPYW46GB88LD6W37VJ6VKVI630H9H61V3X9BYOLBGG7E1AIEYFSK1XKTCIAI8A2RKC105 39RYNYHEV2J0I8VD95FK9XT3CVDOKBR16SD7TIC7O38S4PRAKKIYBW54KBH56J41J CAOGNSVREXHPQX0UI3ETF 1KOS7WXCGBIY73QD S66GW1OK4', '3H0VTI0IKXEF0QW')
insert into BusinessService (i_BusinessService, Stereotype, Name, BusinessUnit, BusinessServiceType, Roadmap, Summary, GeneralStatus) values (1, 4, 'C 9N AQHCMVY9CWVWXRIM2DJIV PG3', 2, 'WU F 58BF0I1Q5W', 8, '72KY4KIKH70I1EQNIMEO7D29I0WV85T01MRF1TAK8O1EQVOAPCC9YCPO5JT260UIB54B5W9C05QGFK4W9V2X6000II3V069 4PPNS1Q R6JJWEHM6KPJC8LJYCQL3O8990M8LRO021 C8JOX6HE060O H5SD6OEIEE1XEMHDGNLJP73RRAA0PKXJYMAB5K1EYX5DED6F3JYOYUSD8DL988LP 6BFCSUW28571 7V1XM7V18KPPK9CGFFYU0M824GRPBX1HMW2Q9HMIGE  FHWYR23BHQN5NXRAWXE3 1QFJRO52GRHHA2IDEC XFO2RHMN8KE8FAF857P14NG73 92OLFTJDOXDUM2M1MFI09 SYTDAC9RKQ6RJ7WJK2C T0WJHIXDFY558X8GPB5HBLUUE83FA LP3HAN6 GXVCTY81JW3OX9RLHS621H0FNOL2IP6FK32RP4O3MAO03QDMP5EHMC1O OD2YLXO01Q536CSMJ7A14KHAP1OIBRWFK', 'I6SEO2E5A3RK7RL')
go
set identity_insert BusinessService off
go

set identity_insert ApplicationUserGroup on
go
insert into ApplicationUserGroup (i_ApplicationUserGroup, Stereotype, [Application], Organization, Name, Distribution, Quantity, GeneralStatus) values (0, 7, 2, 7, 'PGP0W3ESJEAFFIHACD5EJI5TUPV3LJ', 'TUuoOmbvWxSB', 3, 'OK9KS666L39K9MY')
insert into ApplicationUserGroup (i_ApplicationUserGroup, Stereotype, [Application], Organization, Name, Distribution, Quantity, GeneralStatus) values (1, 2, 2, 7, '3UY9JC3UGK97HAS3NKNR29TS4A26LT', 'TUuoOmbvWxSB', 8, 'I8DENBGK91M6PSU')
insert into ApplicationUserGroup (i_ApplicationUserGroup, Stereotype, [Application], Organization, Name, Distribution, Quantity, GeneralStatus) values (8, 4, 2, 7, '4BH4FSBOTIFVN6Q4TY6BSMS7KSPWC8', 'TUuoOmbvWxSB', 9, 'BK9WADQAD7 T8V8')
insert into ApplicationUserGroup (i_ApplicationUserGroup, Stereotype, [Application], Organization, Name, Distribution, Quantity, GeneralStatus) values (2, 6, 2, 7, '9DVD9BIYIUQ81RXUWMNWSL36R M9UT', 'TUuoOmbvWxSB', 5, 'MI5CY8F N2QTW97')
insert into ApplicationUserGroup (i_ApplicationUserGroup, Stereotype, [Application], Organization, Name, Distribution, Quantity, GeneralStatus) values (7, 5, 2, 7, 'B6BWLN 5HCLMVCKK59UDQXTPODJD32', 'TUuoOmbvWxSB', 4, 'HYQ62GFROXCBOGX')
insert into ApplicationUserGroup (i_ApplicationUserGroup, Stereotype, [Application], Organization, Name, Distribution, Quantity, GeneralStatus) values (3, 1, 2, 7, 'PHJIF08CX5HLJOFQFYE55H9LLBC5OG', 'TUuoOmbvWxSB', 6, '702J6 ETCOK0S7O')
insert into ApplicationUserGroup (i_ApplicationUserGroup, Stereotype, [Application], Organization, Name, Distribution, Quantity, GeneralStatus) values (9, 9, 2, 7, '8N8CSQN41B 350ABTQM5RMRYHRO1RV', 'TUuoOmbvWxSB', 7, 'J7RQNYV1 KP7452')
insert into ApplicationUserGroup (i_ApplicationUserGroup, Stereotype, [Application], Organization, Name, Distribution, Quantity, GeneralStatus) values (4, 8, 2, 7, '1VC9188FEXQAWNBSH7POF N742YH5G', 'TUuoOmbvWxSB', 2, 'LQ4KKP1 7JGSREK')
insert into ApplicationUserGroup (i_ApplicationUserGroup, Stereotype, [Application], Organization, Name, Distribution, Quantity, GeneralStatus) values (5, 3, 2, 7, 'QDMXWQUCLMSGR9 4FUIGUL32F04H 1', 'TUuoOmbvWxSB', 0, 'JTPAO2RQ43VO9MB')
insert into ApplicationUserGroup (i_ApplicationUserGroup, Stereotype, [Application], Organization, Name, Distribution, Quantity, GeneralStatus) values (6, 0, 2, 7, 'DQU70  YCRWJF AVLO5C9OS6T RB49', 'TUuoOmbvWxSB', 1, '0EWPO9QTABETN4O')
go
set identity_insert ApplicationUserGroup off
go

set identity_insert BusinessServiceApplication on
go
insert into BusinessServiceApplication (i_BusinessServiceApplication, Stereotype, BusinessService, [Application], MissionLevel, Summary, DisplayOrder, GeneralStatus) values (4, 4, 9, 2, 'TBGmjdtMIXpS', 'MJ42LERD20W5R9QPDUTUX5S5L U31VHP88RAF4FLVYKJRWYTD9NRXJ2JORAA6BG145A4HSM6PBMUNO5RJXB03H46AXBG8IO 1EPUCQITX9S7C7T93FHXV221VMSAD921RYBR7Q4QVW1X9EALB63X7QQQRVTN8QCC1OOFSX8X08MECQNSJIDLIBTHFNTK3IYQODOH9XCYS3572XRG2PTPT4RACSH6NL6OLRFSGNU3NDF4H7BW8W65MTRP 1TS8E1ALGDBLIS95QK146O2I5K 0HUXW31YNQECNY77JA40TSY02U3K9FAGJLRXNHQ87TUANOWRM6HK72A8XNKNYM XC248TPNFT8Q7M RGRQCTY0J3UEW93IJX269005YJW1AUI2AVB0YBPYX4HBKY7S65XO96V30LCOEME3BTAFB835 0110 U0BFKM385RGXNYUKC4Y54R7FUQIKAM98KQRSAKFDI7AWT53FF2M0U89EOQLSGJ99 BIEUGPFP4DW', 7, 'S3277LP8C7W3SSR')
insert into BusinessServiceApplication (i_BusinessServiceApplication, Stereotype, BusinessService, [Application], MissionLevel, Summary, DisplayOrder, GeneralStatus) values (8, 9, 9, 2, 'MI nwehKMs o', 'GKTT M ITAC5MUDLP8S3VJIK8UIG5AE911M4YCMM  OU61C210MA6O0TR HAHPNH3OSRCYRWHL9T8NI4614H7XV59SS7Q4X9E10KBFS6M12UFD6R8B1PGVDAXHD6TRBDTPFN69KMYT1TVRSPJ4MBEFYBMMWLXB HN12 44ENFE0Q0PYHWAMD 0P2AO9 RVYV7DCRV2AD 60OUG276J04ODNXXYNYMXXJTWUAQK3KMGDVUQ9O6J30JPF HQKE8DI4VQK4FIFNBGPP3MHCUVEL4JL 06Q8YK USVMTC7OM5BWR6OFB2 SLHXFCLC8ML518K8AA1A606Q6TLCUADUA7Y3A8CUKBU71O4BNXF IHYIRBAV40LGN82X8QODRJRPBXC5DKMRAM043XI YC4J95E9KL4SLSP1ELK1V43BO3CQVT5DEFWICNB2HJUU2DWSV9ED5Y7 VL8OCHTGI96TMO11769HN2B5CEQROR S4NBG9WWAFPJ5DPJJ  5R', 6, 'YTBV4U8YW7RD7JE')
insert into BusinessServiceApplication (i_BusinessServiceApplication, Stereotype, BusinessService, [Application], MissionLevel, Summary, DisplayOrder, GeneralStatus) values (3, 0, 9, 2, 'TBGmjdtMIXpS', 'F S1FAQXJNAEORFQYFLJALQAFJJI3EHXWQVXSAURA6T3T9QA7UUK9NW93FMMTRJB89X24ITB1AYVWGN4E9FFJHD58126I8WI X3841OSECXE9HVBGAURENU8AE 4K0F7CIA LVOKJ2PWBGF5QXEV3K8 5Y84D499 77FAXF46M2CFCK39I8SXLR BLIDDHSO5LBE0YS6JLJC33UOGV448 W QK8V1 PLLOVDONVJCXI5SG3PD7T6DVHWYKN5TC0DKUYG3O56X11O06G1J4OXRCJR2OPHB9YGWXCF7I9A4O0HBVAR2MYXSCEULD8R0A1JY4PPYL84825SA1A1J4NHXSQHOJSJKW5CK2CFB9B45TWII4FA4GIHOEE8 HP KHBU7SHBAP2YBVG4NGY1GU3JKXMROY40OC 6QP2SW4ADOOWVCBCXRXRV4WUYH0Y5KNRJONTV8I49O2 LASGURRNCYVSRN7VJ INE0W8BEUXQD8BS9 CQRRMJN8KDXFD0MY', 1, 'NA2OIM393CWYYJH')
insert into BusinessServiceApplication (i_BusinessServiceApplication, Stereotype, BusinessService, [Application], MissionLevel, Summary, DisplayOrder, GeneralStatus) values (6, 8, 9, 2, 'IrunBNmgDZbh', 'TBA3MIH E09T8N UDSITDNVAF4N2P3BVT0K91FOPHIFUWXA779D6DIA9YGMTWWU3EDFXCS7NERHR85YWRO7JUNMA2 8TQ92COF0W7X8FOGKGYGVK9NEXV8LEWIDNVMU9YEYI0V1J3IB4JLWS6WUU73 IW H9N32DWMGEY8WBRVYG8103AE16GPMGRHJ08GP4EM9P1C530R7I4V3UO8X8 8A1HA OK5OVO1LV0552IHCR1U5CNN2OYGVVDRWFD71W6Q8TEB8C4J32KD8UT1HNAT9J HTU6FRCONIVJ2UY4KVR3KBF3 RNPEEI67TW76X97Y9QJEGSXEGIU3J5N51LP1850SI1KJNO3WVJAVHQDX9EQDYWYFWTK3RQY920460FX 8SGQFGFA6XIERJQVJ1CN0S61GH7BMRSGHVWMHSO1PX2S1MPEUH0E5R1Q0HD2A0ITLVET4SR1L93C51KFRXULLND5YUS8ENWOTYJF8XWNAE3PNMX3F1NXL4HN9W', 4, '81B4MKDKK2TIYAQ')
insert into BusinessServiceApplication (i_BusinessServiceApplication, Stereotype, BusinessService, [Application], MissionLevel, Summary, DisplayOrder, GeneralStatus) values (9, 6, 9, 2, 'WtGWxkCKeyUA', 'MCPR06X  VYW4 M1BDE 3Q1JK8W064PM8T6JDVIICDTL1K9H2OL V5LSQ6N9RSTPV 3F3PWOC5H4QELQNXLKMGTSFG705AWFW12WS39CO80MURVDFA6T9977TJ7JPN2RP5XPNRH05MOHIG2PSU926J4D8WMADD5AOCSOBXAUI727HMXO5L7PDOM9XVMVMBVA8K3T264NLS1HXT1W FHCAHLIAPR0FPMQVNIBLIAW83P5N1PMQ5 PY4OGMJSMB9O53D1H8ATOBPJ6XM1RXHSQX7A DHRSD2 TDFXSRDJTR47QLFYV51BFASNRXG1P5KCMBBPVI 0QHTO2YK46XC81M8S0RC8SSPC3IK6JFOOII29OYO KVUIX3EEY9IWRBHKJIQUJOWS5H5YSRLMTEMDI7CAYBMQFEM5J0JQ0YAD55AX9JFVKESO7E71YUYXUG2XRE8JV9SD6E DX1XB8BAPI467FLHSI9YMBK7BF32T5LB90WMNT93RWBSFTMD1D', 2, '3NDTH  53GIA 0R')
insert into BusinessServiceApplication (i_BusinessServiceApplication, Stereotype, BusinessService, [Application], MissionLevel, Summary, DisplayOrder, GeneralStatus) values (7, 7, 9, 2, 'ZVrOWxagEPZP', '75 5S2JAQIWYGJ56GMOCKDM7M9BE7Y1RL4T9JJBJ95QBV14EUS6OWFNPJGLEYPKDF0VFMH7NJPJX4DR50K J6QN1AVXYR80FJO1D3YCG7GJEP87AO4XOMV1CWO24RBBEJI6QC5F9OGY5FH41A8XLQNR17OTSEWUARN72XFLR5B4MC5P34BVV9091SFXTD4LGFW1TUBK1LDC3TDOI9HQUA HN  9YQ62OFMMA8FNKSLYRIJCRHIIU3W0J 7OVOH93H  SLMKA9LBRC3FPGS63D2UTOH24UNRB5N5HOWNGBNW2HPANKESOY4K0U C61CMCN26FICQU3P3NG5RAY1FN2QB1WFIFEGHJ386LF98JHCEB E8OL57W4SQ779J4B1IQBX8U04124TBS5JNE7P9BWAY9QKEGIAC4XHI16IKDH1DPAWEACFRMFGPCE18JWI8ACW6S27SSSK5MYTIPANWF L80S31DR8WBRWIR43831M803XHC4FWC57A5AS UN4', 8, 'PLG9EQ7OPPG45E9')
insert into BusinessServiceApplication (i_BusinessServiceApplication, Stereotype, BusinessService, [Application], MissionLevel, Summary, DisplayOrder, GeneralStatus) values (2, 3, 9, 2, 'LoFNlEmvNFsP', 'MK6SPF2AWE0188U CDQD1TTX663S7SBY7XAJ27X E9CEVINTOAPSL74MQU6HUWWR LOUVF KSOBVS2AJK2IPXRH6AAAV5URMT8NYHBSLO04AQXQBO0CQDPNSR4XMD3KU5VAWA07RA1M5G4BI4X75B3KNLBF2Q49UV0H8NJDW8XKMQJLNNXTW6XI9O8V6KA08GHV81UO1SAFHEYEFHMSLE426KP5M7TDRWKXVWTUDP3G9A2XNCYFHGG158WVO V3CPXVOR5U67RO09IJAKAUHWNK39FHACI81YNNX4JYX63XKAS0JYGX59C11OB72OP63884IJKNAXBTB9B9NUMCP30475 1AHCITNKTYMPS2B2QE6FK34EL105S S8RU765TUY3I CH6TBTJ0DIH8RUPO1AV9BXCDX9Q1320AQ4PAK24U9VK356WPX4LSUV K6CFW4N074BY8L69Q5SB7DDFV04X4WPPCE5XOJINGK2BOPNMQ0NSKN0TUADWHWC0B2', 3, '1ONVWYNCVM2P8R ')
insert into BusinessServiceApplication (i_BusinessServiceApplication, Stereotype, BusinessService, [Application], MissionLevel, Summary, DisplayOrder, GeneralStatus) values (5, 2, 9, 2, 'LoFNlEmvNFsP', 'AL8DF1XI61OHK336IOWJ09T1O8H3J4P4AREG8DU YF2VYNVR8QBFMC2UMLKKYNJ2MT714NMR59VRHQG8TQ63QNETIE7UUE0V0TIU8INYSPU7B3O3V5C4PFIATNMEXASR L7G4QT1QLQ5VO0DR3P340KVP 4MBA3ESL7CI8LVIECFVLEDNC9GYVAQ6Q0TCLNWGWGXH3 SJ9ISB2DVHBWICQWB VM7PJOOU9XHDKIGX04WHIW303OKSD8IN DU9L0MJ3O9S26 N11AYJJKOGLS2SKOIENT9F 1YHPCM4LWEH8HJTFATQP774SIP0W 6TDM944S2HU4O4LSD85NG14TIN742GL7QPNFEF0HK MYQC6JVTVHH1XIKUS2AX8818O05FIBVO24O8YXQS9 I5C3A9Y8TDDODOW9 TS  QVTAK10WHJRXBH7UQN VCK2CFBI7X159HAI8OGSMDFTXAMIO3F2H1FXW2GGXRJD8G27WMB7F57MIDYHGH9MGDKJ5C', 9, '5YP9TJD8AJ3LJVI')
insert into BusinessServiceApplication (i_BusinessServiceApplication, Stereotype, BusinessService, [Application], MissionLevel, Summary, DisplayOrder, GeneralStatus) values (1, 5, 9, 2, 'LoFNlEmvNFsP', 'B700H4S8J8H4T16MPYFKTI92R8BTN7K6HD2 8R3PICWI31WQ926HG CA VFLD4VK2TJN2JJRCRYUDS NQN4H93AOLV JGB4ROYNNDOVKY 5QWV4MIOBHKYXWP0T5NSK2IHC8H82DQ1RJXO74ION3TMFU2IPLRGS29LFEW7DMMBX9RLHP8HSMF15IUY2OL3OE5UFP0HEX5LIHQTG6ND6 U2U1TA7U0FCWX7PFBVX B25K8KVEA01RLHFS8 48U08KV2CHB43POC9EMUUG7HD66W78YTOM2F1IU79FLSB6AG3NBONK09Y47WP A GGL2P26T3HOG8LRSMJUV 3SAD770QU55VTE9KNRICJ7IUC97M MAOM6TYKUJFRWA1GH84X 975TBCXGWNL7K RELT4RU3UIWYSW47MTHQH53B0JJ2L5ABF5OWDN3HCGRCUO0YOQ1QDX0JH95 U00HLONVI7DHPP5OD UP6Q3RDV32AV69XF2GERE7C6PCGSPAQVF', 5, 'PHF0EM5U 5OTV76')
insert into BusinessServiceApplication (i_BusinessServiceApplication, Stereotype, BusinessService, [Application], MissionLevel, Summary, DisplayOrder, GeneralStatus) values (0, 1, 9, 2, 'IrunBNmgDZbh', '6BDA6MRCAL6HN01UL6O96DD0JDTI8YKLBKQP4XELVQHCK JIGFA0SRK3WAC0EQ7 BEDQJSKNQ5PEACL6XQYQVAMPH9J3DE26QKG84A552G6QT9 X6WK01GEGMJ 0KYDNCWNHEA2PDFVUYJMVKTNBTV EYG82ET9G53K66TF07LBPTA0QXHUOTGGE3JB0HYSDO6Q2GVAA6A9VWGAQ4SM BI77QQLS AL I7PPV69IBNXULWS97XNADASLKYL09WLSE13JHX01NQ92R41YPGFCY VM HNYQT0FPYBLAAFHS3 OCNWGPDAJ6OKCS3UKUYAP9OIMD7NISNLDATIOU39X4A43CU3E268KG9N0UP61COCMLY8N9D78VR7BLA1RW6V579HRVJP2LYAIA6SJMHQTMUOM D5JWMJOXJIMKHBR9MAQEN5Q6 AOJ9ORGFN9M1TLNG2V67AHL6 P1BJQNW1JTLONI6J6NVMHVO6KX86QBMQGB4H5AOYORDEC6TM5', 7, '4I L6325JKJYJ7T')
go
set identity_insert BusinessServiceApplication off
go

set identity_insert ApplicationComponent on
go
insert into ApplicationComponent (i_Component, Stereotype, [Application], Name, Roadmap, [Profile], Environment_Current, Environment_Target, Technology_Client, Technology_ApplicationServer, Technology_ORM, Technology_DatabasePlatform, Technology_PlatformStack, Technology_DevelopmentLanguage, Deploy_Development, Deploy_Test, Deploy_Staging, Deploy_Production, Deploy_Recovery, t_Tree, GeneralStatus) values (2, 1, 7, 'NQR9DFT37Q2Y5Y6RDE5U56DS53OD7M', 2, 1, 0, 6, 7, 3, 2, 1, 1, 0, 5, 6, 9, 1, 5, 8, '08BX0B9V7FLVAOX')
insert into ApplicationComponent (i_Component, Stereotype, [Application], Name, Roadmap, [Profile], Environment_Current, Environment_Target, Technology_Client, Technology_ApplicationServer, Technology_ORM, Technology_DatabasePlatform, Technology_PlatformStack, Technology_DevelopmentLanguage, Deploy_Development, Deploy_Test, Deploy_Staging, Deploy_Production, Deploy_Recovery, t_Tree, GeneralStatus) values (5, 5, 5, 'NQR9DFT37Q2Y5Y6RDE5U56DS53OD7M', 1, 0, 8, 2, 4, 3, 0, 4, 6, 7, 2, 9, 8, 6, 7, 5, 'PQ6RSW30UP1GSFI')
insert into ApplicationComponent (i_Component, Stereotype, [Application], Name, Roadmap, [Profile], Environment_Current, Environment_Target, Technology_Client, Technology_ApplicationServer, Technology_ORM, Technology_DatabasePlatform, Technology_PlatformStack, Technology_DevelopmentLanguage, Deploy_Development, Deploy_Test, Deploy_Staging, Deploy_Production, Deploy_Recovery, t_Tree, GeneralStatus) values (8, 9, 8, 'NQR9DFT37Q2Y5Y6RDE5U56DS53OD7M', 4, 7, 4, 8, 1, 1, 4, 3, 3, 7, 6, 0, 4, 1, 6, 6, 'PQ6RSW30UP1GSFI')
insert into ApplicationComponent (i_Component, Stereotype, [Application], Name, Roadmap, [Profile], Environment_Current, Environment_Target, Technology_Client, Technology_ApplicationServer, Technology_ORM, Technology_DatabasePlatform, Technology_PlatformStack, Technology_DevelopmentLanguage, Deploy_Development, Deploy_Test, Deploy_Staging, Deploy_Production, Deploy_Recovery, t_Tree, GeneralStatus) values (4, 4, 2, 'NQR9DFT37Q2Y5Y6RDE5U56DS53OD7M', 9, 1, 2, 0, 7, 6, 9, 0, 6, 1, 5, 6, 6, 9, 6, 0, 'M9NF I8N25515EW')
insert into ApplicationComponent (i_Component, Stereotype, [Application], Name, Roadmap, [Profile], Environment_Current, Environment_Target, Technology_Client, Technology_ApplicationServer, Technology_ORM, Technology_DatabasePlatform, Technology_PlatformStack, Technology_DevelopmentLanguage, Deploy_Development, Deploy_Test, Deploy_Staging, Deploy_Production, Deploy_Recovery, t_Tree, GeneralStatus) values (3, 6, 6, 'NQR9DFT37Q2Y5Y6RDE5U56DS53OD7M', 6, 7, 2, 3, 7, 1, 3, 7, 1, 3, 8, 9, 6, 2, 5, 9, 'W O955NXJG70UUG')
insert into ApplicationComponent (i_Component, Stereotype, [Application], Name, Roadmap, [Profile], Environment_Current, Environment_Target, Technology_Client, Technology_ApplicationServer, Technology_ORM, Technology_DatabasePlatform, Technology_PlatformStack, Technology_DevelopmentLanguage, Deploy_Development, Deploy_Test, Deploy_Staging, Deploy_Production, Deploy_Recovery, t_Tree, GeneralStatus) values (0, 0, 8, 'NQR9DFT37Q2Y5Y6RDE5U56DS53OD7M', 5, 5, 0, 9, 0, 9, 3, 0, 7, 7, 1, 8, 8, 2, 0, 4, 'BEELB541KDAGRG ')
insert into ApplicationComponent (i_Component, Stereotype, [Application], Name, Roadmap, [Profile], Environment_Current, Environment_Target, Technology_Client, Technology_ApplicationServer, Technology_ORM, Technology_DatabasePlatform, Technology_PlatformStack, Technology_DevelopmentLanguage, Deploy_Development, Deploy_Test, Deploy_Staging, Deploy_Production, Deploy_Recovery, t_Tree, GeneralStatus) values (7, 8, 2, 'NQR9DFT37Q2Y5Y6RDE5U56DS53OD7M', 8, 0, 3, 7, 1, 7, 9, 6, 4, 3, 8, 4, 7, 4, 5, 2, '08BX0B9V7FLVAOX')
insert into ApplicationComponent (i_Component, Stereotype, [Application], Name, Roadmap, [Profile], Environment_Current, Environment_Target, Technology_Client, Technology_ApplicationServer, Technology_ORM, Technology_DatabasePlatform, Technology_PlatformStack, Technology_DevelopmentLanguage, Deploy_Development, Deploy_Test, Deploy_Staging, Deploy_Production, Deploy_Recovery, t_Tree, GeneralStatus) values (1, 2, 8, 'NQR9DFT37Q2Y5Y6RDE5U56DS53OD7M', 7, 0, 0, 9, 3, 5, 2, 3, 9, 7, 2, 7, 0, 6, 4, 3, 'W O955NXJG70UUG')
insert into ApplicationComponent (i_Component, Stereotype, [Application], Name, Roadmap, [Profile], Environment_Current, Environment_Target, Technology_Client, Technology_ApplicationServer, Technology_ORM, Technology_DatabasePlatform, Technology_PlatformStack, Technology_DevelopmentLanguage, Deploy_Development, Deploy_Test, Deploy_Staging, Deploy_Production, Deploy_Recovery, t_Tree, GeneralStatus) values (9, 7, 8, 'NQR9DFT37Q2Y5Y6RDE5U56DS53OD7M', 5, 6, 0, 2, 0, 1, 7, 7, 7, 1, 4, 0, 7, 1, 8, 1, 'SSVAC8I6 RLLAVI')
insert into ApplicationComponent (i_Component, Stereotype, [Application], Name, Roadmap, [Profile], Environment_Current, Environment_Target, Technology_Client, Technology_ApplicationServer, Technology_ORM, Technology_DatabasePlatform, Technology_PlatformStack, Technology_DevelopmentLanguage, Deploy_Development, Deploy_Test, Deploy_Staging, Deploy_Production, Deploy_Recovery, t_Tree, GeneralStatus) values (6, 3, 5, 'NQR9DFT37Q2Y5Y6RDE5U56DS53OD7M', 6, 6, 8, 3, 0, 0, 4, 9, 2, 1, 2, 9, 5, 6, 8, 7, 'SYUWJO6AK3CVJIX')
go
set identity_insert ApplicationComponent off
go